,date_time,atm_pressure_mBar,rainfall_mm,wind_speed_m/s,wind_direct_degrees,surface_temperature_C,relative_humidity_%,solar_flux_Kw/m2,battery_V
0,2006/05/01 17:32,998,0.0,6.729,275.0,9.82,54.8,0.167217,-9999
1,2006/05/01 17:33,998,0.0,7.48,307.0,9.71,55.13,0.1465,-9999
2,2006/05/01 17:34,998,0.0,6.021,285.2,9.69,55.72,0.0932274,-9999
3,2006/05/01 17:35,998,0.0,4.521,283.1,9.81,55.85,0.155379,-9999
4,2006/05/01 17:36,998,0.0,3.708,290.3,9.91,54.87,0.0991466,-9999
5,2006/05/01 17:37,998,0.0,6.229,307.2,9.77,54.28,0.124303,-9999
6,2006/05/01 17:38,998,0.0,4.792,306.9,9.76,54.54,0.088788,-9999
7,2006/05/01 17:39,998,0.0,3.75,288.8,9.84,54.41,0.0695506,-9999
8,2006/05/01 17:40,998,0.0,4.813,303.9,9.84,53.89,0.0636314,-9999
9,2006/05/01 17:41,998,0.0,4.958,295.3,9.74,53.98,0.0651112,-9999
10,2006/05/01 17:42,998,0.0,6.896,315.8,9.61,53.33,0.106546,-9999
11,2006/05/01 17:43,998,0.0,5.958,317.5,9.64,52.51,0.165738,-9999
12,2006/05/01 17:44,998,0.0,5.958,303.4,9.65,52.21,0.15094,-9999
13,2006/05/01 17:45,998,0.0,6.104,310.1,9.58,52.41,0.14798,-9999
14,2006/05/01 17:46,998,0.0,6.083,304.4,9.62,52.35,0.180536,-9999
15,2006/05/01 17:47,998,0.0,5.188,290.4,9.81,53.1,0.182015,-9999
16,2006/05/01 17:48,998,0.0,5.438,295.0,9.95,52.12,0.15094,-9999
17,2006/05/01 17:49,998,0.0,5.292,294.5,9.86,52.51,0.100626,-9999
18,2006/05/01 17:50,998,0.0,5.375,308.2,9.78,53.03,0.165738,-9999
19,2006/05/01 17:51,998,0.0,5.396,288.5,9.83,52.97,0.179056,-9999
20,2006/05/01 17:52,998,0.0,5.667,279.6,9.81,53.3,0.170177,-9999
21,2006/05/01 17:53,998,0.0,4.833,290.6,9.88,52.94,0.170177,-9999
22,2006/05/01 17:54,998,0.0,5.417,279.9,9.83,53.3,0.170177,-9999
23,2006/05/01 17:55,998,0.0,5.396,279.7,9.83,53.56,0.167217,-9999
24,2006/05/01 17:56,998,0.0,4.854,284.3,9.81,53.89,0.116904,-9999
25,2006/05/01 17:57,998,0.0,4.979,290.4,9.75,54.38,0.14946,-9999
26,2006/05/01 17:58,998,0.0,4.958,279.8,9.73,54.15,0.1465,-9999
27,2006/05/01 17:59,998,0.0,4.146,285.2,9.79,54.54,0.152419,-9999
28,2006/05/01 18:00,998,0.0,4.813,276.5,9.86,54.74,0.153899,-9999
29,2006/05/01 18:01,998,0.0,3.958,263.5,9.93,54.8,0.0902678,-9999
30,2006/05/01 18:02,998,0.0,4.625,287.8,9.9,54.8,0.131702,-9999
31,2006/05/01 18:03,998,0.0,4.792,291.0,9.83,54.58,0.156859,-9999
32,2006/05/01 18:04,998,0.0,6.146,282.8,9.74,54.08,0.14798,-9999
33,2006/05/01 18:05,998,0.0,4.271,287.5,9.78,54.48,0.116904,-9999
34,2006/05/01 18:06,998,0.0,3.417,298.8,9.9,54.94,0.113945,-9999
35,2006/05/01 18:07,998,0.0,4.042,302.1,9.97,54.8,0.0532728,-9999
36,2006/05/01 18:08,998,0.0,3.104,283.5,9.93,55.43,0.0473536,-9999
37,2006/05/01 18:09,998,0.0,2.042,291.2,9.93,55.92,0.0547526,-9999
38,2006/05/01 18:10,999,0.0,4.083,282.2,9.91,55.66,0.115424,-9999
39,2006/05/01 18:11,998,0.0,3.458,306.9,9.83,55.17,0.0680708,-9999
40,2006/05/01 18:12,999,0.0,3.667,280.8,9.85,55.0,0.143541,-9999
41,2006/05/01 18:13,999,0.0,4.438,293.0,9.9,53.85,0.153899,-9999
42,2006/05/01 18:14,999,0.0,3.313,284.7,9.95,54.18,0.14798,-9999
43,2006/05/01 18:15,999,0.0,5.313,297.4,9.96,52.12,0.142061,-9999
44,2006/05/01 18:16,999,0.0,4.792,271.8,9.9,51.92,0.140581,-9999
45,2006/05/01 18:17,999,0.0,5.438,283.2,9.84,50.97,0.134662,-9999
46,2006/05/01 18:18,999,0.0,4.729,297.5,9.87,51.0,0.113945,-9999
47,2006/05/01 18:19,999,0.0,3.583,292.6,9.92,51.59,0.066591,-9999
48,2006/05/01 18:20,999,0.0,4.125,261.3,9.8,52.87,0.0932274,-9999
49,2006/05/01 18:21,999,0.0,4.604,277.4,9.77,53.3,0.0414344,-9999
50,2006/05/01 18:22,999,0.0,5.667,274.2,9.52,54.08,0.0384748,-9999
51,2006/05/01 18:23,999,0.0,5.417,268.4,9.34,54.38,0.051793,-9999
52,2006/05/01 18:24,999,0.0,5.313,270.8,9.32,54.74,0.0399546,-9999
53,2006/05/01 18:25,999,0.0,5.333,277.8,9.27,54.61,0.0532728,-9999
54,2006/05/01 18:26,999,0.0,4.125,262.1,9.28,55.1,0.036995,-9999
55,2006/05/01 18:27,999,0.0,3.729,270.7,9.31,54.94,0.0355152,-9999
56,2006/05/01 18:28,999,0.0,4.396,304.2,9.25,54.8,0.0340354,-9999
57,2006/05/01 18:29,999,0.0,4.229,282.4,9.22,54.97,0.0325556,-9999
58,2006/05/01 18:30,999,0.0,3.25,278.0,9.23,55.2,0.0325556,-9999
59,2006/05/01 18:31,999,0.0,3.917,274.9,9.23,54.87,0.0355152,-9999
60,2006/05/01 18:32,999,0.0,5.104,273.4,9.2,54.8,0.0754698,-9999
61,2006/05/01 18:33,999,0.0,3.667,274.3,9.25,54.8,0.105066,-9999
62,2006/05/01 18:34,999,0.0,2.938,284.0,9.33,54.41,0.0976668,-9999
63,2006/05/01 18:35,999,0.0,3.604,288.2,9.43,53.95,0.103586,-9999
64,2006/05/01 18:36,999,0.0,3.458,272.8,9.5,53.85,0.105066,-9999
65,2006/05/01 18:37,999,0.0,4.417,281.0,9.55,53.26,0.103586,-9999
66,2006/05/01 18:38,999,0.0,4.396,299.5,9.55,53.23,0.103586,-9999
67,2006/05/01 18:39,999,0.0,5.583,298.7,9.52,52.87,0.103586,-9999
68,2006/05/01 18:40,999,0.0,5.208,278.5,9.51,52.71,0.102106,-9999
69,2006/05/01 18:41,999,0.0,4.688,267.5,9.6,52.57,0.100626,-9999
70,2006/05/01 18:42,999,0.0,5.458,275.5,9.55,52.61,0.100626,-9999
71,2006/05/01 18:43,999,0.0,4.417,278.4,9.62,52.02,0.0991466,-9999
72,2006/05/01 18:44,999,0.0,5.271,273.4,9.63,48.74,0.096187,-9999
73,2006/05/01 18:45,999,0.0,6.104,265.5,9.61,48.57,0.0932274,-9999
74,2006/05/01 18:46,999,0.0,5.604,274.8,9.59,48.05,0.0917476,-9999
75,2006/05/01 18:47,999,0.0,4.75,292.2,9.58,47.56,0.0902678,-9999
76,2006/05/01 18:48,999,0.0,4.688,282.5,9.69,47.16,0.0873082,-9999
77,2006/05/01 18:49,999,0.0,6.313,269.4,9.59,47.29,0.0858284,-9999
78,2006/05/01 18:50,999,0.0,2.521,289.9,9.66,47.88,0.0843486,-9999
79,2006/05/01 18:51,999,0.0,3.917,278.5,9.79,47.98,0.0828688,-9999
80,2006/05/01 18:52,999,0.0,3.229,260.3,9.76,48.18,0.081389,-9999
81,2006/05/01 18:53,999,0.0,5.625,280.8,9.72,47.98,0.0799092,-9999
82,2006/05/01 18:54,999,0.0,3.667,275.4,9.66,48.64,0.0799092,-9999
83,2006/05/01 18:55,999,0.0,3.521,284.8,9.72,48.77,0.0784294,-9999
84,2006/05/01 18:56,999,0.0,4.75,273.3,9.59,49.39,0.0488334,-9999
85,2006/05/01 18:57,999,0.0,4.708,274.1,9.58,49.66,0.0488334,-9999
86,2006/05/01 18:58,999,0.0,4.167,271.9,9.46,49.56,0.0340354,-9999
87,2006/05/01 18:59,999,0.0,4.875,262.0,9.35,50.15,0.036995,-9999
88,2006/05/01 19:00,999,0.0,5.542,291.2,9.24,50.67,0.0399546,-9999
89,2006/05/01 19:01,999,0.0,4.542,263.3,9.28,51.16,0.0710304,-9999
90,2006/05/01 19:02,999,0.0,4.229,292.3,9.28,51.75,0.0725102,-9999
91,2006/05/01 19:03,999,0.0,3.333,288.1,9.29,51.89,0.0695506,-9999
92,2006/05/01 19:04,999,0.0,3.479,278.1,9.3,52.12,0.0651112,-9999
93,2006/05/01 19:05,999,0.0,3.771,296.2,9.35,52.38,0.0621516,-9999
94,2006/05/01 19:06,999,0.0,5.25,304.4,9.23,53.72,0.0651112,-9999
95,2006/05/01 19:07,999,0.0,7.19,298.0,9.05,54.74,0.0651112,-9999
96,2006/05/01 19:08,999,0.0,6.021,295.5,8.98,55.49,0.0636314,-9999
97,2006/05/01 19:09,999,0.0,6.292,297.8,8.94,55.79,0.0636314,-9999
98,2006/05/01 19:10,999,0.0,4.396,297.7,8.96,55.95,0.0621516,-9999
99,2006/05/01 19:11,999,0.0,4.604,291.3,8.99,55.95,0.0606718,-9999
100,2006/05/01 19:12,999,0.0,3.896,274.6,8.97,56.05,0.059192,-9999
101,2006/05/01 19:13,1000,0.0,4.0,281.8,8.98,56.05,0.059192,-9999
102,2006/05/01 19:14,999,0.0,4.229,283.7,9.01,55.26,0.0577122,-9999
103,2006/05/01 19:15,1000,0.0,5.271,277.0,8.94,54.87,0.0562324,-9999
104,2006/05/01 19:16,1000,0.0,5.479,278.7,8.89,53.46,0.0562324,-9999
105,2006/05/01 19:17,1000,0.0,4.125,272.2,8.91,52.71,0.0562324,-9999
106,2006/05/01 19:18,1000,0.0,4.188,306.0,8.92,52.57,0.0547526,-9999
107,2006/05/01 19:19,1000,0.0,5.333,279.5,8.87,52.44,0.0532728,-9999
108,2006/05/01 19:20,1000,0.0,6.5,284.5,8.86,48.67,0.051793,-9999
109,2006/05/01 19:21,1000,0.0,5.396,278.4,8.85,48.54,0.051793,-9999
110,2006/05/01 19:22,1000,0.0,5.771,279.5,8.87,48.34,0.0503132,-9999
111,2006/05/01 19:23,1000,0.0,2.854,288.5,8.91,48.87,0.0488334,-9999
112,2006/05/01 19:24,1000,0.0,3.083,278.3,8.96,49.29,0.0488334,-9999
113,2006/05/01 19:25,1000,0.0,3.938,256.3,8.96,49.23,0.0429142,-9999
114,2006/05/01 19:26,1000,0.0,3.625,283.7,8.91,49.75,0.029596,-9999
115,2006/05/01 19:27,1000,0.0,3.208,256.3,8.89,50.61,0.029596,-9999
116,2006/05/01 19:28,1000,0.0,2.875,274.9,8.83,51.0,0.0207172,-9999
117,2006/05/01 19:29,1000,0.0,3.813,272.1,8.76,51.23,0.0251566,-9999
118,2006/05/01 19:30,1000,0.0,3.5,261.9,8.74,51.98,0.036995,-9999
119,2006/05/01 19:31,1000,0.0,5.188,277.0,8.67,52.54,0.036995,-9999
120,2006/05/01 19:32,1000,0.0,5.396,280.4,8.64,53.1,0.0399546,-9999
121,2006/05/01 19:33,1000,0.0,5.479,282.2,8.62,53.26,0.0399546,-9999
122,2006/05/01 19:34,1000,0.0,4.688,259.6,8.61,53.62,0.0384748,-9999
123,2006/05/01 19:35,1000,0.0,4.875,266.8,8.58,54.12,0.0384748,-9999
124,2006/05/01 19:36,1000,0.0,4.833,270.8,8.55,54.35,0.0384748,-9999
125,2006/05/01 19:37,1000,0.0,5.021,270.6,8.54,54.71,0.036995,-9999
126,2006/05/01 19:38,1000,0.0,3.396,289.6,8.56,54.94,0.0310758,-9999
127,2006/05/01 19:39,1000,0.0,2.542,290.9,8.57,55.33,0.0236768,-9999
128,2006/05/01 19:40,1000,0.0,2.667,275.0,8.54,55.33,0.0192374,-9999
129,2006/05/01 19:41,1000,0.0,4.083,271.8,8.48,55.26,0.0177576,-9999
130,2006/05/01 19:42,1000,0.0,4.646,273.7,8.45,55.07,0.0177576,-9999
131,2006/05/01 19:43,1000,0.0,3.583,268.5,8.43,55.46,0.022197,-9999
132,2006/05/01 19:44,1000,0.0,3.25,274.7,8.5,55.66,0.0310758,-9999
133,2006/05/01 19:45,1000,0.0,2.75,268.5,8.5,55.72,0.0310758,-9999
134,2006/05/01 19:46,1000,0.0,4.458,273.4,8.5,55.13,0.029596,-9999
135,2006/05/01 19:47,1000,0.0,4.771,257.5,8.49,55.4,0.0281162,-9999
136,2006/05/01 19:48,1000,0.0,3.5,273.6,8.48,55.43,0.0281162,-9999
137,2006/05/01 19:49,1000,0.0,3.271,265.5,8.57,55.46,0.0281162,-9999
138,2006/05/01 19:50,1000,0.0,3.667,263.0,8.55,55.33,0.0266364,-9999
139,2006/05/01 19:51,1000,0.0,4.021,254.1,8.49,55.33,0.0251566,-9999
140,2006/05/01 19:52,1000,0.0,5.333,272.6,8.49,54.41,0.0251566,-9999
141,2006/05/01 19:53,1000,0.0,5.563,263.2,8.5,54.84,0.0236768,-9999
142,2006/05/01 19:54,1000,0.0,4.292,265.5,8.51,54.71,0.0236768,-9999
143,2006/05/01 19:55,1000,0.0,4.396,270.0,8.51,54.54,0.0236768,-9999
144,2006/05/01 19:56,1000,0.0,5.167,279.2,8.5,53.46,0.022197,-9999
145,2006/05/01 19:57,1000,0.0,4.521,276.1,8.44,53.69,0.022197,-9999
146,2006/05/01 19:58,1000,0.0,4.5,272.7,8.41,53.79,0.0207172,-9999
147,2006/05/01 19:59,1000,0.0,3.333,273.4,8.43,54.08,0.0207172,-9999
148,2006/05/01 20:00,1000,0.0,4.438,271.8,8.4,53.82,0.0192374,-9999
149,2006/05/01 20:01,1000,0.0,4.979,273.3,8.41,53.23,0.0192374,-9999
150,2006/05/01 20:02,1000,0.0,4.479,284.9,8.4,53.33,0.0192374,-9999
151,2006/05/01 20:03,1000,0.0,6.229,284.1,8.39,53.39,0.0177576,-9999
152,2006/05/01 20:04,1000,0.0,4.75,298.4,8.4,53.79,0.0177576,-9999
153,2006/05/01 20:05,1000,0.0,4.833,293.2,8.43,53.76,0.0162778,-9999
154,2006/05/01 20:06,1000,0.0,4.0,279.4,8.41,53.89,0.0162778,-9999
155,2006/05/01 20:07,1000,0.0,3.375,285.4,8.39,54.41,0.0162778,-9999
156,2006/05/01 20:08,1000,0.0,2.688,286.6,8.36,54.44,0.014798,-9999
157,2006/05/01 20:09,1000,0.0,4.292,283.1,8.34,54.25,0.014798,-9999
158,2006/05/01 20:10,1000,0.0,4.854,271.2,8.31,54.48,0.0133182,-9999
159,2006/05/01 20:11,1000,0.0,4.542,267.2,8.26,54.58,0.0118384,-9999
160,2006/05/01 20:12,1000,0.0,3.104,271.3,8.27,54.77,0.0088788,-9999
161,2006/05/01 20:13,1000,0.0,4.75,267.7,8.26,54.58,0.0088788,-9999
162,2006/05/01 20:14,1000,0.0,4.333,269.4,8.27,55.0,0.0088788,-9999
163,2006/05/01 20:15,1000,0.0,3.188,263.7,8.27,55.4,0.0088788,-9999
164,2006/05/01 20:16,1000,0.0,4.542,278.7,8.19,55.46,0.007399,-9999
165,2006/05/01 20:17,1000,0.0,3.5,276.4,8.2,55.66,0.0088788,-9999
166,2006/05/01 20:18,1000,0.0,3.125,260.9,8.22,55.89,0.0088788,-9999
167,2006/05/01 20:19,1000,0.0,3.208,286.8,8.21,56.12,0.0088788,-9999
168,2006/05/01 20:20,1000,0.0,3.604,256.5,8.12,56.22,0.0088788,-9999
169,2006/05/01 20:21,1000,0.0,2.542,268.5,8.14,56.51,0.007399,-9999
170,2006/05/01 20:22,1000,0.0,2.646,267.3,8.12,56.78,0.007399,-9999
171,2006/05/01 20:23,1001,0.0,3.813,260.1,8.08,56.25,0.007399,-9999
172,2006/05/01 20:24,1001,0.0,3.125,277.1,8.05,56.09,0.007399,-9999
173,2006/05/01 20:25,1001,0.0,3.313,264.2,8.06,55.79,0.007399,-9999
174,2006/05/01 20:26,1001,0.0,3.229,269.8,8.07,55.86,0.0059192,-9999
175,2006/05/01 20:27,1001,0.0,4.729,261.5,7.98,55.27,0.0059192,-9999
176,2006/05/01 20:28,1001,0.0,3.479,278.4,7.98,55.33,0.0059192,-9999
177,2006/05/01 20:29,1001,0.0,3.875,275.3,7.98,54.35,0.0059192,-9999
178,2006/05/01 20:30,1001,0.0,2.75,265.8,7.98,55.07,0.0059192,-9999
179,2006/05/01 20:31,1001,0.0,3.271,263.3,7.93,55.24,0.0044394,-9999
180,2006/05/01 20:32,1001,0.0,4.938,256.7,7.92,54.16,0.0044394,-9999
181,2006/05/01 20:33,1001,0.0,4.0,256.7,7.92,54.62,0.0044394,-9999
182,2006/05/01 20:34,1001,0.0,4.375,267.8,7.91,54.09,0.0044394,-9999
183,2006/05/01 20:35,1001,0.0,3.771,263.2,7.9,54.09,0.0044394,-9999
184,2006/05/01 20:36,1001,0.0,3.542,270.7,7.86,53.57,0.0044394,-9999
185,2006/05/01 20:37,1001,0.0,3.313,253.8,7.85,53.77,0.0044394,-9999
186,2006/05/01 20:38,1001,0.0,3.979,264.1,7.83,53.9,0.0029596,-9999
187,2006/05/01 20:39,1001,0.0,3.563,266.6,7.79,53.5,0.0029596,-9999
188,2006/05/01 20:40,1001,0.0,3.375,264.8,7.76,53.41,0.0029596,-9999
189,2006/05/01 20:41,1001,0.0,3.292,259.2,7.76,53.34,0.0029596,-9999
190,2006/05/01 20:42,1001,0.0,3.75,256.6,7.72,53.14,0.0029596,-9999
191,2006/05/01 20:43,1001,0.0,3.271,259.1,7.71,52.75,0.0014798,-9999
192,2006/05/01 20:44,1001,0.0,3.5,262.7,7.69,52.42,0.0014798,-9999
193,2006/05/01 20:45,1001,0.0,3.125,256.7,7.68,52.32,0.0014798,-9999
194,2006/05/01 20:46,1001,0.0,2.25,253.3,7.67,52.65,0.0014798,-9999
195,2006/05/01 20:47,1001,0.0,3.438,266.0,7.62,52.06,0.0014798,-9999
196,2006/05/01 20:48,1001,0.0,2.771,251.3,7.62,52.36,0.0014798,-9999
197,2006/05/01 20:49,1001,0.0,3.354,266.1,7.59,52.26,0.0014798,-9999
198,2006/05/01 20:50,1001,0.0,2.833,257.8,7.57,52.55,0.0,-9999
199,2006/05/01 20:51,1001,0.0,3.0,263.1,7.51,52.45,0.0,-9999
200,2006/05/01 20:52,1001,0.0,2.292,263.4,7.5,52.62,0.0,-9999
201,2006/05/01 20:53,1001,0.0,2.604,242.5,7.47,52.62,0.0,-9999
202,2006/05/01 20:54,1001,0.0,2.417,272.1,7.43,52.75,0.0,-9999
203,2006/05/01 20:55,1001,0.0,2.479,246.0,7.43,52.65,0.0,-9999
204,2006/05/01 20:56,1001,0.0,3.438,258.2,7.38,52.52,0.0,-9999
205,2006/05/01 20:57,1001,0.0,3.438,257.1,7.4,52.0,0.0,-9999
206,2006/05/01 20:58,1001,0.0,2.979,248.2,7.43,52.13,0.0,-9999
207,2006/05/01 20:59,1001,0.0,3.792,254.5,7.4,51.54,0.0,-9999
208,2006/05/01 21:00,1001,0.0,3.229,258.0,7.43,51.67,0.0,-9999
209,2006/05/01 21:01,1001,0.0,3.167,252.0,7.36,51.97,0.0,-9999
210,2006/05/01 21:02,1001,0.0,3.458,247.5,7.33,52.06,0.0,-9999
211,2006/05/01 21:03,1001,0.0,3.938,246.9,7.37,51.64,0.0,-9999
212,2006/05/01 21:04,1001,0.0,3.813,257.2,7.31,52.06,0.0,-9999
213,2006/05/01 21:05,1001,0.0,2.729,239.4,7.28,52.59,0.0,-9999
214,2006/05/01 21:06,1001,0.0,2.979,243.3,7.22,53.18,0.0,-9999
215,2006/05/01 21:07,1001,0.0,3.688,255.6,7.21,53.05,0.0,-9999
216,2006/05/01 21:08,1001,0.0,2.333,240.2,7.15,53.61,0.0,-9999
217,2006/05/01 21:09,1001,0.0,4.229,247.0,7.12,53.48,0.0,-9999
218,2006/05/01 21:10,1001,0.0,3.313,244.2,7.07,54.07,0.0,-9999
219,2006/05/01 21:11,1001,0.0,3.208,249.5,6.994,54.07,0.0,-9999
220,2006/05/01 21:12,1001,0.0,3.375,236.4,6.999,54.07,0.0,-9999
221,2006/05/01 21:13,1001,0.0,2.896,252.0,6.986,54.49,0.0,-9999
222,2006/05/01 21:14,1001,0.0,2.813,238.7,6.92,54.53,0.0,-9999
223,2006/05/01 21:15,1001,0.0,2.958,254.2,6.942,54.56,0.0,-9999
224,2006/05/01 21:16,1001,0.0,2.875,243.8,6.912,54.89,0.0,-9999
225,2006/05/01 21:17,1001,0.0,3.063,242.0,6.869,54.79,0.0,-9999
226,2006/05/01 21:18,1001,0.0,3.125,240.0,6.91,54.89,0.0,-9999
227,2006/05/01 21:19,1001,0.0,2.875,249.8,6.847,55.48,0.0,-9999
228,2006/05/01 21:20,1002,0.0,2.313,240.6,6.768,56.0,0.0,-9999
229,2006/05/01 21:21,1002,0.0,2.458,238.3,6.708,56.2,0.0,-9999
230,2006/05/01 21:22,1002,0.0,1.958,237.4,6.675,56.69,0.0,-9999
231,2006/05/01 21:23,1002,0.0,2.0,224.9,6.615,57.09,0.0,-9999
232,2006/05/01 21:24,1002,0.0,2.75,235.8,6.566,57.18,0.0,-9999
233,2006/05/01 21:25,1002,0.0,2.0,220.7,6.5,57.68,0.0,-9999
234,2006/05/01 21:26,1002,0.0,1.979,220.9,6.454,57.97,0.0,-9999
235,2006/05/01 21:27,1002,0.0,2.063,227.4,6.41,58.2,0.0,-9999
236,2006/05/01 21:28,1002,0.0,2.458,233.7,6.339,58.69,0.0,-9999
237,2006/05/01 21:29,1002,0.0,1.875,227.4,6.281,59.05,0.0,-9999
238,2006/05/01 21:30,1002,0.0,1.75,239.8,6.251,59.28,0.0,-9999
239,2006/05/01 21:31,1002,0.0,2.083,237.2,6.183,60.1,0.0,-9999
240,2006/05/01 21:32,1002,0.0,2.063,246.5,6.153,60.7,0.0,-9999
241,2006/05/01 21:33,1002,0.0,2.688,242.9,6.145,61.38,0.0,-9999
242,2006/05/01 21:34,1002,0.0,2.333,247.1,6.115,61.75,0.0,-9999
243,2006/05/01 21:35,1002,0.0,2.792,240.7,6.071,62.5,0.0,-9999
244,2006/05/01 21:36,1002,0.0,2.729,241.9,6.065,62.7,0.0,-9999
245,2006/05/01 21:37,1002,0.0,2.771,250.9,6.038,63.09,0.0,-9999
246,2006/05/01 21:38,1002,0.0,2.417,247.1,6.055,63.22,0.0,-9999
247,2006/05/01 21:39,1002,0.0,2.563,240.0,6.041,63.48,0.0,-9999
248,2006/05/01 21:40,1002,0.0,2.792,245.6,6.06,63.48,0.0,-9999
249,2006/05/01 21:41,1002,0.0,2.292,241.7,6.03,63.81,0.0,-9999
250,2006/05/01 21:42,1002,0.0,2.604,232.8,5.989,64.14,0.0,-9999
251,2006/05/01 21:43,1002,0.0,2.708,236.7,5.962,64.34,0.0,-9999
252,2006/05/01 21:44,1002,0.0,3.0,239.8,5.912,64.47,0.0,-9999
253,2006/05/01 21:45,1002,0.0,2.083,227.5,5.869,64.86,0.0,-9999
254,2006/05/01 21:46,1002,0.0,2.688,249.3,5.8,65.12,0.0,-9999
255,2006/05/01 21:47,1002,0.0,2.708,241.8,5.773,65.06,0.0,-9999
256,2006/05/01 21:48,1002,0.0,2.708,237.6,5.776,64.86,0.0,-9999
257,2006/05/01 21:49,1002,0.0,1.708,225.2,5.765,64.93,0.0,-9999
258,2006/05/01 21:50,1002,0.0,1.563,216.0,5.768,65.06,0.0,-9999
259,2006/05/01 21:51,1002,0.0,1.979,225.1,5.757,65.03,0.0,-9999
260,2006/05/01 21:52,1002,0.0,1.625,221.8,5.743,65.16,0.0,-9999
261,2006/05/01 21:53,1002,0.0,1.813,221.6,5.705,65.19,0.0,-9999
262,2006/05/01 21:54,1002,0.0,1.625,210.5,5.688,65.35,0.0,-9999
263,2006/05/01 21:55,1002,0.0,1.688,203.9,5.672,65.45,0.0,-9999
264,2006/05/01 21:56,1002,0.0,1.458,216.9,5.639,65.58,0.0,-9999
265,2006/05/01 21:57,1002,0.0,1.5,202.6,5.628,65.55,0.0,-9999
266,2006/05/01 21:58,1002,0.0,2.146,218.2,5.598,65.52,0.0,-9999
267,2006/05/01 21:59,1002,0.0,1.833,230.3,5.557,65.39,0.0,-9999
268,2006/05/01 22:00,1002,0.0,2.354,232.0,5.502,65.45,0.0,-9999
269,2006/05/01 22:01,1002,0.0,3.146,247.8,5.467,65.03,0.0,-9999
270,2006/05/01 22:02,1002,0.0,2.958,246.6,5.478,64.99,0.0,-9999
271,2006/05/01 22:03,1002,0.0,2.896,244.5,5.442,65.03,0.0,-9999
272,2006/05/01 22:04,1002,0.0,2.417,230.7,5.412,65.16,0.0,-9999
273,2006/05/01 22:05,1002,0.0,3.083,231.4,5.41,64.86,0.0,-9999
274,2006/05/01 22:06,1002,0.0,3.438,242.0,5.415,64.53,0.0,-9999
275,2006/05/01 22:07,1002,0.0,3.188,245.9,5.401,64.76,0.0,-9999
276,2006/05/01 22:08,1002,0.0,3.125,243.6,5.399,64.53,0.0,-9999
277,2006/05/01 22:09,1002,0.0,3.542,256.7,5.399,64.14,0.0,-9999
278,2006/05/01 22:10,1002,0.0,3.521,244.5,5.429,63.94,0.0,-9999
279,2006/05/01 22:11,1002,0.0,2.833,248.0,5.415,64.04,0.0,-9999
280,2006/05/01 22:12,1002,0.0,2.875,255.9,5.393,64.07,0.0,-9999
281,2006/05/01 22:13,1002,0.0,2.625,235.0,5.407,63.88,0.0,-9999
282,2006/05/01 22:14,1002,0.0,2.792,248.2,5.404,63.62,0.0,-9999
283,2006/05/01 22:15,1002,0.0,2.208,239.9,5.407,63.88,0.0,-9999
284,2006/05/01 22:16,1002,0.0,2.667,234.5,5.401,63.62,0.0,-9999
285,2006/05/01 22:17,1002,0.0,3.333,242.1,5.423,63.35,0.0,-9999
286,2006/05/01 22:18,1002,0.0,3.146,248.6,5.42,63.48,0.0,-9999
287,2006/05/01 22:19,1002,0.0,3.583,242.0,5.399,63.32,0.0,-9999
288,2006/05/01 22:20,1002,0.0,3.729,246.7,5.434,63.09,0.0,-9999
289,2006/05/01 22:21,1002,0.0,3.25,246.9,5.41,63.42,0.0,-9999
290,2006/05/01 22:22,1002,0.0,3.333,245.6,5.369,63.42,0.0,-9999
291,2006/05/01 22:23,1002,0.0,3.188,245.5,5.379,63.39,0.0,-9999
292,2006/05/01 22:24,1002,0.0,3.063,251.1,5.377,63.29,0.0,-9999
293,2006/05/01 22:25,1002,0.0,2.938,246.2,5.369,63.32,0.0,-9999
294,2006/05/01 22:26,1002,0.0,2.875,252.2,5.377,63.22,0.0,-9999
295,2006/05/01 22:27,1002,0.0,2.583,244.1,5.374,63.22,0.0,-9999
296,2006/05/01 22:28,1002,0.0,2.5,237.1,5.374,63.35,0.0,-9999
297,2006/05/01 22:29,1002,0.0,2.146,238.8,5.328,63.68,0.0,-9999
298,2006/05/01 22:30,1002,0.0,3.146,244.2,5.325,63.42,0.0,-9999
299,2006/05/01 22:31,1002,0.0,2.833,245.4,5.369,63.29,0.0,-9999
300,2006/05/01 22:32,1002,0.0,3.042,240.3,5.358,63.32,0.0,-9999
301,2006/05/01 22:33,1002,0.0,2.5,241.3,5.347,63.55,0.0,-9999
302,2006/05/01 22:34,1002,0.0,3.229,248.4,5.336,63.35,0.0,-9999
303,2006/05/01 22:35,1002,0.0,3.125,245.3,5.306,63.55,0.0,-9999
304,2006/05/01 22:36,1002,0.0,3.354,246.3,5.325,63.42,0.0,-9999
305,2006/05/01 22:37,1002,0.0,3.771,248.7,5.336,63.35,0.0,-9999
306,2006/05/01 22:38,1002,0.0,3.542,243.6,5.347,63.42,0.0,-9999
307,2006/05/01 22:39,1002,0.0,3.792,251.1,5.333,63.42,0.0,-9999
308,2006/05/01 22:40,1002,0.0,3.521,252.8,5.33,63.48,0.0,-9999
309,2006/05/01 22:41,1002,0.0,3.229,246.9,5.33,63.48,0.0,-9999
310,2006/05/01 22:42,1002,0.0,3.396,242.9,5.352,63.25,0.0,-9999
311,2006/05/01 22:43,1002,0.0,3.208,246.8,5.358,63.35,0.0,-9999
312,2006/05/01 22:44,1002,0.0,3.125,248.1,5.363,63.25,0.0,-9999
313,2006/05/01 22:45,1002,0.0,2.813,237.8,5.366,63.22,0.0,-9999
314,2006/05/01 22:46,1002,0.0,3.146,239.3,5.371,62.96,0.0,-9999
315,2006/05/01 22:47,1002,0.0,2.667,234.2,5.385,63.22,0.0,-9999
316,2006/05/01 22:48,1002,0.0,2.375,228.9,5.333,63.42,0.0,-9999
317,2006/05/01 22:49,1002,0.0,2.125,223.1,5.322,63.55,0.0,-9999
318,2006/05/01 22:50,1002,0.0,2.313,230.4,5.306,63.48,0.0,-9999
319,2006/05/01 22:51,1002,0.0,2.042,225.4,5.317,63.42,0.0,-9999
320,2006/05/01 22:52,1002,0.0,1.771,213.2,5.297,63.68,0.0,-9999
321,2006/05/01 22:53,1002,0.0,1.854,220.1,5.281,63.81,0.0,-9999
322,2006/05/01 22:54,1002,0.0,1.375,215.3,5.218,64.27,0.0,-9999
323,2006/05/01 22:55,1002,0.0,1.625,201.2,5.235,64.21,0.0,-9999
324,2006/05/01 22:56,1002,0.0,1.896,208.5,5.248,64.01,0.0,-9999
325,2006/05/01 22:57,1002,0.0,1.417,197.8,5.292,63.85,0.0,-9999
326,2006/05/01 22:58,1002,0.0,1.396,204.8,5.352,63.55,0.0,-9999
327,2006/05/01 22:59,1002,0.0,1.271,183.8,5.379,63.48,0.0,-9999
328,2006/05/01 23:00,1002,0.0,1.042,202.0,5.412,63.29,0.0,-9999
329,2006/05/01 23:01,1002,0.0,1.104,171.7,5.423,63.52,0.0,-9999
330,2006/05/01 23:02,1002,0.0,1.313,182.3,5.47,63.02,0.0,-9999
331,2006/05/01 23:03,1002,0.0,0.729,190.7,5.481,63.16,0.0,-9999
332,2006/05/01 23:04,1002,0.0,1.104,220.8,5.513,62.99,0.0,-9999
333,2006/05/01 23:05,1002,0.0,0.958,184.5,5.508,63.09,0.0,-9999
334,2006/05/01 23:06,1002,0.0,0.354,236.9,5.497,63.16,0.0,-9999
335,2006/05/01 23:07,1002,0.0,0.208,218.7,5.467,63.39,0.0,-9999
336,2006/05/01 23:08,1002,0.0,0.146,219.8,5.461,63.42,0.0,-9999
337,2006/05/01 23:09,1002,0.0,0.188,283.6,5.429,63.48,0.0,-9999
338,2006/05/01 23:10,1002,0.0,0.188,285.9,5.415,63.48,0.0,-9999
339,2006/05/01 23:11,1002,0.0,0.208,284.4,5.39,63.55,0.0,-9999
340,2006/05/01 23:12,1002,0.0,0.458,188.5,5.396,63.68,0.0,-9999
341,2006/05/01 23:13,1002,0.0,0.458,249.2,5.412,63.62,0.0,-9999
342,2006/05/01 23:14,1002,0.0,0.583,233.9,5.423,63.58,0.0,-9999
343,2006/05/01 23:15,1002,0.0,0.5,263.4,5.429,63.75,0.0,-9999
344,2006/05/01 23:16,1002,0.0,0.396,259.5,5.451,63.62,0.0,-9999
345,2006/05/01 23:17,1002,0.0,0.271,172.8,5.437,63.68,0.0,-9999
346,2006/05/01 23:18,1002,0.0,0.75,294.4,5.407,63.88,0.0,-9999
347,2006/05/01 23:19,1002,0.0,0.521,342.1,5.388,64.01,0.0,-9999
348,2006/05/01 23:20,1002,0.0,0.208,13.09,5.363,64.21,0.0,-9999
349,2006/05/01 23:21,1002,0.0,0.396,300.9,5.325,64.4,0.0,-9999
350,2006/05/01 23:22,1002,0.0,0.042,295.7,5.286,64.6,0.0,-9999
351,2006/05/01 23:23,1002,0.0,0.354,295.8,5.254,64.83,0.0,-9999
352,2006/05/01 23:24,1002,0.0,0.625,314.1,5.232,65.06,0.0,-9999
353,2006/05/01 23:25,1002,0.0,0.271,300.9,5.226,65.22,0.0,-9999
354,2006/05/01 23:26,1002,0.0,0.646,275.4,5.218,65.32,0.0,-9999
355,2006/05/01 23:27,1002,0.0,0.938,244.2,5.229,65.39,0.0,-9999
356,2006/05/01 23:28,1002,0.0,0.646,270.6,5.226,65.39,0.0,-9999
357,2006/05/01 23:29,1002,0.0,0.771,252.9,5.248,65.52,0.0,-9999
358,2006/05/01 23:30,1002,0.0,1.063,234.3,5.254,65.45,0.0,-9999
359,2006/05/01 23:31,1002,0.0,1.042,229.4,5.248,65.62,0.0,-9999
360,2006/05/01 23:32,1002,0.0,1.396,234.1,5.267,65.72,0.0,-9999
361,2006/05/01 23:33,1002,0.0,1.313,231.2,5.267,65.72,0.0,-9999
362,2006/05/01 23:34,1002,0.0,1.458,225.3,5.267,65.78,0.0,-9999
363,2006/05/01 23:35,1002,0.0,1.083,208.8,5.306,65.78,0.0,-9999
364,2006/05/01 23:36,1002,0.0,1.271,217.2,5.358,65.45,0.0,-9999
365,2006/05/01 23:37,1002,0.0,0.875,208.4,5.415,65.19,0.0,-9999
366,2006/05/01 23:38,1002,0.0,0.729,229.2,5.442,65.06,0.0,-9999
367,2006/05/01 23:39,1002,0.0,0.479,180.5,5.456,64.99,0.0,-9999
368,2006/05/01 23:40,1002,0.0,0.438,183.5,5.461,65.19,0.0,-9999
369,2006/05/01 23:41,1002,0.0,0.396,155.7,5.475,65.12,0.0,-9999
370,2006/05/01 23:42,1002,0.0,0.958,192.8,5.483,65.06,0.0,-9999
371,2006/05/01 23:43,1002,0.0,0.563,171.8,5.516,64.99,0.0,-9999
372,2006/05/01 23:44,1002,0.0,0.792,186.4,5.546,64.93,0.0,-9999
373,2006/05/01 23:45,1002,0.0,0.938,173.5,5.571,64.8,0.0,-9999
374,2006/05/01 23:46,1002,0.0,0.917,183.9,5.585,64.76,0.0,-9999
375,2006/05/01 23:47,1002,0.0,0.875,169.9,5.604,64.67,0.0,-9999
376,2006/05/01 23:48,1002,0.0,0.563,204.7,5.574,64.86,0.0,-9999
377,2006/05/01 23:49,1002,0.0,0.813,149.8,5.565,64.99,0.0,-9999
378,2006/05/01 23:50,1003,0.0,0.938,192.5,5.53,65.22,0.0,-9999
379,2006/05/01 23:51,1003,0.0,1.333,188.0,5.508,65.45,0.0,-9999
380,2006/05/01 23:52,1003,0.0,1.354,199.5,5.472,65.52,0.0,-9999
381,2006/05/01 23:53,1003,0.0,0.833,192.7,5.418,65.91,0.0,-9999
382,2006/05/01 23:54,1003,0.0,0.979,159.0,5.39,66.17,0.0,-9999
383,2006/05/01 23:55,1003,0.0,1.458,188.6,5.278,66.5,0.0,-9999
384,2006/05/01 23:56,1003,0.0,1.25,148.9,5.062,67.22,0.0,-9999
385,2006/05/01 23:57,1003,0.0,1.396,158.4,4.857,68.21,0.0,-9999
386,2006/05/01 23:58,1003,0.0,1.688,155.3,4.701,69.0,0.0,-9999
387,2006/05/01 23:59,1003,0.0,1.438,168.3,4.57,69.59,0.0,-9999
388,2006/05/01 24:00,1003,0.0,2.083,175.2,4.403,70.4,0.0,-9999
389,2006/05/02 00:01,1003,0.0,2.417,164.0,4.297,71.0,0.0,-9999
390,2006/05/02 00:02,1003,0.0,2.021,166.6,4.237,71.5,0.0,-9999
391,2006/05/02 00:03,1003,0.0,2.708,159.0,4.19,71.8,0.0,-9999
392,2006/05/02 00:04,1003,0.0,2.0,172.9,4.163,71.9,0.0,-9999
393,2006/05/02 00:05,1003,0.0,2.063,172.3,4.155,72.3,0.0,-9999
394,2006/05/02 00:06,1003,0.0,2.604,173.8,4.105,72.3,0.0,-9999
395,2006/05/02 00:07,1003,0.0,2.438,152.0,4.059,72.7,0.0,-9999
396,2006/05/02 00:08,1003,0.0,2.25,163.3,4.002,73.1,0.0,-9999
397,2006/05/02 00:09,1003,0.0,1.563,144.0,4.032,73.1,0.0,-9999
398,2006/05/02 00:10,1003,0.0,1.271,145.3,4.084,73.1,0.0,-9999
399,2006/05/02 00:11,1003,0.0,1.792,166.1,4.086,72.8,0.0,-9999
400,2006/05/02 00:12,1003,0.0,1.625,149.5,4.045,73.1,0.0,-9999
401,2006/05/02 00:13,1003,0.0,1.854,152.1,4.053,73.1,0.0,-9999
402,2006/05/02 00:14,1003,0.0,1.646,161.3,4.002,73.2,0.0,-9999
403,2006/05/02 00:15,1003,0.0,1.521,164.8,3.977,73.4,0.0,-9999
404,2006/05/02 00:16,1003,0.0,1.729,143.8,3.963,73.6,0.0,-9999
405,2006/05/02 00:17,1003,0.0,1.792,157.1,3.93,73.7,0.0,-9999
406,2006/05/02 00:18,1003,0.0,1.292,137.7,3.903,73.9,0.0,-9999
407,2006/05/02 00:19,1003,0.0,1.313,151.9,3.878,74.0,0.0,-9999
408,2006/05/02 00:20,1003,0.0,1.229,158.2,3.829,74.2,0.0,-9999
409,2006/05/02 00:21,1003,0.0,0.958,188.4,3.821,74.4,0.0,-9999
410,2006/05/02 00:22,1003,0.0,1.125,165.4,3.799,74.5,0.0,-9999
411,2006/05/02 00:23,1003,0.0,0.813,158.5,3.772,74.7,0.0,-9999
412,2006/05/02 00:24,1003,0.0,1.417,160.8,3.706,75.1,0.0,-9999
413,2006/05/02 00:25,1003,0.0,1.271,175.9,3.671,75.4,0.0,-9999
414,2006/05/02 00:26,1003,0.0,2.104,181.1,3.605,76.0,0.0,-9999
415,2006/05/02 00:27,1003,0.0,1.208,172.5,3.559,76.2,0.0,-9999
416,2006/05/02 00:28,1003,0.0,1.0,176.3,3.542,76.4,0.0,-9999
417,2006/05/02 00:29,1003,0.0,1.354,179.7,3.542,76.5,0.0,-9999
418,2006/05/02 00:30,1003,0.0,1.396,158.8,3.504,76.6,0.0,-9999
419,2006/05/02 00:31,1003,0.0,1.771,181.6,3.479,76.8,0.0,-9999
420,2006/05/02 00:32,1003,0.0,1.208,147.0,3.468,77.0,0.0,-9999
421,2006/05/02 00:33,1003,0.0,1.958,159.7,3.466,77.0,0.0,-9999
422,2006/05/02 00:34,1003,0.0,1.208,163.7,3.436,77.1,0.0,-9999
423,2006/05/02 00:35,1003,0.0,0.771,147.0,3.441,77.3,0.0,-9999
424,2006/05/02 00:36,1003,0.0,0.75,172.9,3.42,77.3,0.0,-9999
425,2006/05/02 00:37,1003,0.0,0.708,174.1,3.371,77.5,0.0,-9999
426,2006/05/02 00:38,1003,0.0,0.813,210.4,3.322,77.7,0.0,-9999
427,2006/05/02 00:39,1003,0.0,1.167,204.9,3.307,77.8,0.0,-9999
428,2006/05/02 00:40,1003,0.0,1.042,203.5,3.274,78.0,0.0,-9999
429,2006/05/02 00:41,1003,0.0,0.292,149.0,3.244,78.3,0.0,-9999
430,2006/05/02 00:42,1003,0.0,0.354,93.1,3.247,78.5,0.0,-9999
431,2006/05/02 00:43,1003,0.0,0.146,13.03,3.248,78.5,0.0,-9999
432,2006/05/02 00:44,1003,0.0,0.292,36.2,3.253,78.7,0.0,-9999
433,2006/05/02 00:45,1003,0.0,0.458,56.31,3.252,78.7,0.0,-9999
434,2006/05/02 00:46,1003,0.0,0.771,162.4,3.285,78.7,0.0,-9999
435,2006/05/02 00:47,1003,0.0,0.625,126.3,3.395,78.3,0.0,-9999
436,2006/05/02 00:48,1003,0.0,1.083,230.9,3.48,78.0,0.0,-9999
437,2006/05/02 00:49,1003,0.0,1.396,274.9,3.549,77.3,0.0,-9999
438,2006/05/02 00:50,1003,0.0,0.625,241.3,3.59,77.3,0.0,-9999
439,2006/05/02 00:51,1003,0.0,1.458,177.0,3.672,77.0,0.0,-9999
440,2006/05/02 00:52,1003,0.0,0.958,183.3,3.768,76.6,0.0,-9999
441,2006/05/02 00:53,1003,0.0,0.917,166.4,3.812,76.3,0.0,-9999
442,2006/05/02 00:54,1003,0.0,0.958,164.4,3.87,76.3,0.0,-9999
443,2006/05/02 00:55,1003,0.0,1.438,158.3,3.968,76.0,0.0,-9999
444,2006/05/02 00:56,1003,0.0,1.333,163.5,4.026,75.4,0.0,-9999
445,2006/05/02 00:57,1003,0.0,1.167,164.4,4.053,75.5,0.0,-9999
446,2006/05/02 00:58,1003,0.0,1.646,174.6,4.127,75.3,0.0,-9999
447,2006/05/02 00:59,1003,0.0,0.521,141.0,4.103,75.4,0.0,-9999
448,2006/05/02 01:00,1003,0.0,0.271,159.4,4.1,75.4,0.0,-9999
449,2006/05/02 01:01,1003,0.0,0.521,223.2,4.07,75.3,0.0,-9999
450,2006/05/02 01:02,1003,0.0,0.104,165.9,4.024,75.6,0.0,-9999
451,2006/05/02 01:03,1003,0.0,0.5,186.7,4.01,76.0,0.0,-9999
452,2006/05/02 01:04,1003,0.0,0.688,169.6,4.029,76.1,0.0,-9999
453,2006/05/02 01:05,1003,0.0,0.542,152.8,3.978,76.3,0.0,-9999
454,2006/05/02 01:06,1003,0.0,0.667,158.6,3.983,76.5,0.0,-9999
455,2006/05/02 01:07,1003,0.0,0.958,188.4,3.961,76.5,0.0,-9999
456,2006/05/02 01:08,1003,0.0,0.708,176.4,3.92,76.8,0.0,-9999
457,2006/05/02 01:09,1003,0.0,0.521,62.06,3.893,76.9,0.0,-9999
458,2006/05/02 01:10,1003,0.0,0.25,80.7,3.882,77.1,0.0,-9999
459,2006/05/02 01:11,1003,0.0,0.229,50.1,3.896,77.0,0.0,-9999
460,2006/05/02 01:12,1003,0.0,0.125,101.6,3.858,77.1,0.0,-9999
461,2006/05/02 01:13,1003,0.0,0.271,183.1,3.85,77.1,0.0,-9999
462,2006/05/02 01:14,1003,0.0,0.083,132.9,3.806,77.2,0.0,-9999
463,2006/05/02 01:15,1003,0.0,0.292,190.8,3.743,77.1,0.0,-9999
464,2006/05/02 01:16,1003,0.0,0.375,194.1,3.672,77.3,0.0,-9999
465,2006/05/02 01:17,1003,0.0,0.583,144.5,3.59,77.6,0.0,-9999
466,2006/05/02 01:18,1003,0.0,1.021,180.3,3.481,78.2,0.0,-9999
467,2006/05/02 01:19,1003,0.0,1.354,165.1,3.401,78.9,0.0,-9999
468,2006/05/02 01:20,1003,0.0,2.188,170.1,3.333,79.4,0.0,-9999
469,2006/05/02 01:21,1003,0.0,1.354,156.1,3.303,79.7,0.0,-9999
470,2006/05/02 01:22,1003,0.0,1.417,163.8,3.273,79.8,0.0,-9999
471,2006/05/02 01:23,1003,0.0,2.396,185.3,3.226,79.8,0.0,-9999
472,2006/05/02 01:24,1003,0.0,1.75,190.1,3.199,80.0,0.0,-9999
473,2006/05/02 01:25,1003,0.0,1.896,165.0,3.136,80.2,0.0,-9999
474,2006/05/02 01:26,1003,0.0,1.104,168.3,3.114,80.3,0.0,-9999
475,2006/05/02 01:27,1003,0.0,1.917,185.1,3.032,80.3,0.0,-9999
476,2006/05/02 01:28,1003,0.0,1.0,166.2,2.983,80.7,0.0,-9999
477,2006/05/02 01:29,1002,0.0,0.833,159.3,2.937,80.9,0.0,-9999
478,2006/05/02 01:30,1002,0.0,2.021,170.4,2.879,81.1,0.0,-9999
479,2006/05/02 01:31,1002,0.0,1.417,164.0,2.816,81.4,0.0,-9999
480,2006/05/02 01:32,1002,0.0,1.063,142.5,2.814,81.6,0.0,-9999
481,2006/05/02 01:33,1002,0.0,2.542,162.4,2.786,81.7,0.0,-9999
482,2006/05/02 01:34,1002,0.0,3.208,148.5,2.781,81.9,0.0,-9999
483,2006/05/02 01:35,1002,0.0,3.271,159.4,2.786,81.9,0.0,-9999
484,2006/05/02 01:36,1002,0.0,3.667,167.7,2.83,81.8,0.0,-9999
485,2006/05/02 01:37,1002,0.0,3.104,170.8,2.871,81.6,0.0,-9999
486,2006/05/02 01:38,1002,0.0,2.646,163.9,2.92,81.5,0.0,-9999
487,2006/05/02 01:39,1002,0.0,3.25,162.7,2.964,81.4,0.0,-9999
488,2006/05/02 01:40,1002,0.0,2.917,159.8,2.989,81.3,0.0,-9999
489,2006/05/02 01:41,1002,0.0,2.333,142.2,3.011,81.4,0.0,-9999
490,2006/05/02 01:42,1002,0.0,2.75,162.0,3.038,81.3,0.0,-9999
491,2006/05/02 01:43,1002,0.0,1.688,129.2,3.093,81.3,0.0,-9999
492,2006/05/02 01:44,1002,0.0,1.896,150.8,3.106,81.3,0.0,-9999
493,2006/05/02 01:45,1002,0.0,2.833,155.3,3.161,81.3,0.0,-9999
494,2006/05/02 01:46,1002,0.0,3.229,154.9,3.218,81.1,0.0,-9999
495,2006/05/02 01:47,1002,0.0,3.521,157.1,3.243,80.9,0.0,-9999
496,2006/05/02 01:48,1002,0.0,3.333,160.8,3.243,80.8,0.0,-9999
497,2006/05/02 01:49,1002,0.0,3.979,167.7,3.249,80.8,0.0,-9999
498,2006/05/02 01:50,1002,0.0,3.813,159.2,3.232,80.9,0.0,-9999
499,2006/05/02 01:51,1002,0.0,3.604,153.4,3.249,80.9,0.0,-9999
500,2006/05/02 01:52,1002,0.0,2.979,163.2,3.251,80.9,0.0,-9999
501,2006/05/02 01:53,1002,0.0,3.438,162.7,3.24,81.0,0.0,-9999
502,2006/05/02 01:54,1002,0.0,3.167,148.5,3.238,81.0,0.0,-9999
503,2006/05/02 01:55,1002,0.0,2.458,172.1,3.218,81.2,0.0,-9999
504,2006/05/02 01:56,1002,0.0,3.458,152.6,3.235,81.1,0.0,-9999
505,2006/05/02 01:57,1002,0.0,2.729,168.8,3.243,81.2,0.0,-9999
506,2006/05/02 01:58,1002,0.0,4.063,163.3,3.257,81.1,0.0,-9999
507,2006/05/02 01:59,1002,0.0,4.542,158.3,3.303,81.0,0.0,-9999
508,2006/05/02 02:00,1002,0.0,3.188,169.0,3.322,80.8,0.0,-9999
509,2006/05/02 02:01,1002,0.0,3.313,150.8,3.32,80.8,0.0,-9999
510,2006/05/02 02:02,1002,0.0,2.5,164.3,3.325,80.9,0.0,-9999
511,2006/05/02 02:03,1002,0.0,2.833,177.4,3.336,80.8,0.0,-9999
512,2006/05/02 02:04,1002,0.0,2.313,152.7,3.35,80.7,0.0,-9999
513,2006/05/02 02:05,1002,0.0,2.667,176.3,3.361,80.6,0.0,-9999
514,2006/05/02 02:06,1002,0.0,3.917,169.2,3.383,80.5,0.0,-9999
515,2006/05/02 02:07,1002,0.0,4.688,156.2,3.421,80.1,0.0,-9999
516,2006/05/02 02:08,1002,0.0,4.125,151.6,3.47,79.8,0.0,-9999
517,2006/05/02 02:09,1002,0.0,3.917,133.6,3.503,79.7,0.0,-9999
518,2006/05/02 02:10,1002,0.0,3.833,175.6,3.574,79.4,0.0,-9999
519,2006/05/02 02:11,1002,0.0,3.021,160.0,3.601,79.2,0.0,-9999
520,2006/05/02 02:12,1002,0.0,3.271,158.0,3.656,78.8,0.0,-9999
521,2006/05/02 02:13,1002,0.0,3.396,156.3,3.754,78.4,0.0,-9999
522,2006/05/02 02:14,1002,0.0,3.542,153.3,3.861,78.0,0.0,-9999
523,2006/05/02 02:15,1003,0.0,3.646,162.4,3.924,77.6,0.0,-9999
524,2006/05/02 02:16,1003,0.0,2.313,158.8,3.954,77.6,0.0,-9999
525,2006/05/02 02:17,1003,0.0,3.042,158.8,4.009,77.2,0.0,-9999
526,2006/05/02 02:18,1003,0.0,2.729,170.3,4.05,77.0,0.0,-9999
527,2006/05/02 02:19,1003,0.0,2.979,176.3,4.107,76.7,0.0,-9999
528,2006/05/02 02:20,1003,0.0,3.438,147.4,4.151,76.5,0.0,-9999
529,2006/05/02 02:21,1003,0.0,2.833,187.3,4.211,76.1,0.0,-9999
530,2006/05/02 02:22,1003,0.0,3.146,179.4,4.282,75.6,0.0,-9999
531,2006/05/02 02:23,1003,0.0,2.917,162.1,4.299,75.3,0.0,-9999
532,2006/05/02 02:24,1003,0.0,3.167,164.7,4.329,75.0,0.0,-9999
533,2006/05/02 02:25,1003,0.0,4.042,169.0,4.356,74.5,0.0,-9999
534,2006/05/02 02:26,1003,0.0,3.729,158.2,4.392,73.9,0.0,-9999
535,2006/05/02 02:27,1003,0.0,2.417,155.5,4.389,73.9,0.0,-9999
536,2006/05/02 02:28,1003,0.0,2.792,140.9,4.37,74.1,0.0,-9999
537,2006/05/02 02:29,1003,0.0,3.896,170.0,4.351,73.7,0.0,-9999
538,2006/05/02 02:30,1003,0.0,3.375,150.3,4.342,73.5,0.0,-9999
539,2006/05/02 02:31,1003,0.0,2.792,159.9,4.353,73.2,0.0,-9999
540,2006/05/02 02:32,1003,0.0,2.25,169.6,4.389,72.9,0.0,-9999
541,2006/05/02 02:33,1003,0.0,2.875,156.6,4.405,72.6,0.0,-9999
542,2006/05/02 02:34,1003,0.0,2.729,176.0,4.405,72.6,0.0,-9999
543,2006/05/02 02:35,1003,0.0,3.625,181.6,4.403,72.6,0.0,-9999
544,2006/05/02 02:36,1003,0.0,2.854,171.9,4.383,72.5,0.0,-9999
545,2006/05/02 02:37,1003,0.0,3.104,180.6,4.389,72.3,0.0,-9999
546,2006/05/02 02:38,1003,0.0,4.146,178.3,4.383,72.1,0.0,-9999
547,2006/05/02 02:39,1003,0.0,4.042,157.3,4.345,72.2,0.0,-9999
548,2006/05/02 02:40,1003,0.0,3.417,157.8,4.381,71.9,0.0,-9999
549,2006/05/02 02:41,1003,0.0,3.688,174.1,4.394,71.9,0.0,-9999
550,2006/05/02 02:42,1003,0.0,2.938,161.6,4.364,72.3,0.0,-9999
551,2006/05/02 02:43,1003,0.0,2.979,181.0,4.351,72.5,0.0,-9999
552,2006/05/02 02:44,1003,0.0,2.708,160.0,4.37,72.4,0.0,-9999
553,2006/05/02 02:45,1003,0.0,2.563,144.5,4.383,72.4,0.0,-9999
554,2006/05/02 02:46,1003,0.0,3.0,165.6,4.361,72.4,0.0,-9999
555,2006/05/02 02:47,1003,0.0,2.292,165.8,4.348,72.6,0.0,-9999
556,2006/05/02 02:48,1003,0.0,2.75,155.5,4.299,72.9,0.0,-9999
557,2006/05/02 02:49,1003,0.0,2.833,159.1,4.255,73.3,0.0,-9999
558,2006/05/02 02:50,1003,0.0,3.021,162.3,4.225,73.3,0.0,-9999
559,2006/05/02 02:51,1003,0.0,3.042,156.2,4.189,73.5,0.0,-9999
560,2006/05/02 02:52,1003,0.0,3.25,164.4,4.156,73.5,0.0,-9999
561,2006/05/02 02:53,1003,0.0,3.021,152.8,4.126,73.6,0.0,-9999
562,2006/05/02 02:54,1003,0.0,2.667,160.4,4.072,74.1,0.0,-9999
563,2006/05/02 02:55,1003,0.0,2.146,163.1,4.017,74.6,0.0,-9999
564,2006/05/02 02:56,1003,0.0,2.542,155.2,3.96,75.1,0.0,-9999
565,2006/05/02 02:57,1003,0.0,2.208,169.7,3.875,75.6,0.0,-9999
566,2006/05/02 02:58,1003,0.0,1.958,153.8,3.826,76.0,0.0,-9999
567,2006/05/02 02:59,1003,0.0,2.104,161.6,3.779,76.1,0.0,-9999
568,2006/05/02 03:00,1003,0.0,2.438,154.1,3.705,76.2,0.0,-9999
569,2006/05/02 03:01,1003,0.0,2.542,160.4,3.661,76.6,0.0,-9999
570,2006/05/02 03:02,1003,0.0,2.229,156.8,3.618,76.6,0.0,-9999
571,2006/05/02 03:03,1003,0.0,1.917,146.2,3.612,76.6,0.0,-9999
572,2006/05/02 03:04,1003,0.0,3.063,167.7,3.596,76.2,0.0,-9999
573,2006/05/02 03:05,1003,0.0,2.208,183.1,3.604,75.9,0.0,-9999
574,2006/05/02 03:06,1003,0.0,2.438,165.0,3.599,75.9,0.0,-9999
575,2006/05/02 03:07,1003,0.0,3.354,171.7,3.585,75.7,0.0,-9999
576,2006/05/02 03:08,1003,0.0,2.896,168.6,3.579,75.8,0.0,-9999
577,2006/05/02 03:09,1003,0.0,3.292,159.8,3.549,76.2,0.0,-9999
578,2006/05/02 03:10,1003,0.0,3.104,175.0,3.555,76.0,0.0,-9999
579,2006/05/02 03:11,1003,0.0,2.417,166.2,3.588,75.8,0.0,-9999
580,2006/05/02 03:12,1003,0.0,2.438,165.3,3.61,75.7,0.0,-9999
581,2006/05/02 03:13,1003,0.0,1.5,157.6,3.629,75.8,0.0,-9999
582,2006/05/02 03:14,1003,0.0,1.417,170.2,3.629,75.8,0.0,-9999
583,2006/05/02 03:15,1003,0.0,2.146,169.7,3.623,75.7,0.0,-9999
584,2006/05/02 03:16,1003,0.0,2.542,152.4,3.62,75.8,0.0,-9999
585,2006/05/02 03:17,1003,0.0,2.667,157.7,3.615,75.6,0.0,-9999
586,2006/05/02 03:18,1003,0.0,2.75,152.4,3.618,75.8,0.0,-9999
587,2006/05/02 03:19,1003,0.0,2.667,164.2,3.593,76.0,0.0,-9999
588,2006/05/02 03:20,1003,0.0,2.646,146.0,3.61,75.9,0.0,-9999
589,2006/05/02 03:21,1003,0.0,3.125,161.3,3.577,75.9,0.0,-9999
590,2006/05/02 03:22,1003,0.0,3.5,168.9,3.604,75.9,0.0,-9999
591,2006/05/02 03:23,1003,0.0,2.313,148.3,3.61,75.8,0.0,-9999
592,2006/05/02 03:24,1003,0.0,3.042,145.8,3.637,75.8,0.0,-9999
593,2006/05/02 03:25,1003,0.0,2.604,142.4,3.678,75.5,0.0,-9999
594,2006/05/02 03:26,1003,0.0,2.188,148.2,3.67,75.5,0.0,-9999
595,2006/05/02 03:27,1003,0.0,1.458,155.3,3.689,75.4,0.0,-9999
596,2006/05/02 03:28,1003,0.0,2.104,157.6,3.683,75.4,0.0,-9999
597,2006/05/02 03:29,1003,0.0,1.729,156.5,3.681,75.6,0.0,-9999
598,2006/05/02 03:30,1003,0.0,2.604,159.8,3.689,75.2,0.0,-9999
599,2006/05/02 03:31,1003,0.0,2.188,161.1,3.697,75.2,0.0,-9999
600,2006/05/02 03:32,1003,0.0,2.354,152.6,3.692,75.1,0.0,-9999
601,2006/05/02 03:33,1003,0.0,1.896,163.7,3.7,75.1,0.0,-9999
602,2006/05/02 03:34,1003,0.0,2.229,153.7,3.73,74.7,0.0,-9999
603,2006/05/02 03:35,1003,0.0,2.292,159.5,3.774,74.5,0.0,-9999
604,2006/05/02 03:36,1003,0.0,2.083,147.9,3.823,74.1,0.0,-9999
605,2006/05/02 03:37,1003,0.0,1.667,146.4,3.932,73.8,0.0,-9999
606,2006/05/02 03:38,1003,0.0,1.792,151.9,3.995,73.4,0.0,-9999
607,2006/05/02 03:39,1003,0.0,2.25,166.0,4.001,73.4,0.0,-9999
608,2006/05/02 03:40,1003,0.0,2.375,149.4,4.047,72.9,0.0,-9999
609,2006/05/02 03:41,1003,0.0,2.083,151.9,4.061,72.7,0.0,-9999
610,2006/05/02 03:42,1003,0.0,2.104,160.5,4.05,72.8,0.0,-9999
611,2006/05/02 03:43,1003,0.0,1.792,174.2,4.039,73.0,0.0,-9999
612,2006/05/02 03:44,1003,0.0,2.021,164.4,4.017,73.4,0.0,-9999
613,2006/05/02 03:45,1003,0.0,1.583,143.4,4.011,73.6,0.0,-9999
614,2006/05/02 03:46,1003,0.0,2.292,150.3,3.981,74.0,0.0,-9999
615,2006/05/02 03:47,1003,0.0,1.021,133.2,3.976,74.3,0.0,-9999
616,2006/05/02 03:48,1003,0.0,1.583,167.4,3.99,74.2,0.0,-9999
617,2006/05/02 03:49,1003,0.0,1.896,165.8,3.96,74.4,0.0,-9999
618,2006/05/02 03:50,1003,0.0,1.771,143.6,3.957,74.4,0.0,-9999
619,2006/05/02 03:51,1003,0.0,1.813,160.7,3.976,74.3,0.0,-9999
620,2006/05/02 03:52,1003,0.0,1.813,153.3,3.968,74.2,0.0,-9999
621,2006/05/02 03:53,1003,0.0,2.083,141.9,3.995,74.1,0.0,-9999
622,2006/05/02 03:54,1003,0.0,1.625,185.7,4.031,74.1,0.0,-9999
623,2006/05/02 03:55,1003,0.0,2.063,153.0,4.047,73.8,0.0,-9999
624,2006/05/02 03:56,1003,0.0,1.958,139.9,4.063,73.5,0.0,-9999
625,2006/05/02 03:57,1003,0.0,2.667,151.0,4.058,73.5,0.0,-9999
626,2006/05/02 03:58,1003,0.0,1.75,149.6,4.063,73.7,0.0,-9999
627,2006/05/02 03:59,1003,0.0,2.375,165.8,4.058,73.7,0.0,-9999
628,2006/05/02 04:00,1003,0.0,2.792,156.4,4.039,73.9,0.0,-9999
629,2006/05/02 04:01,1003,0.0,2.0,148.7,4.031,74.0,0.0,-9999
630,2006/05/02 04:02,1003,0.0,2.729,151.3,4.039,73.9,0.0,-9999
631,2006/05/02 04:03,1003,0.0,2.313,149.3,4.022,73.8,0.0,-9999
632,2006/05/02 04:04,1003,0.0,2.708,154.1,4.014,73.7,0.0,-9999
633,2006/05/02 04:05,1003,0.0,2.313,154.9,4.017,73.9,0.0,-9999
634,2006/05/02 04:06,1003,0.0,2.833,162.1,4.009,73.8,0.0,-9999
635,2006/05/02 04:07,1003,0.0,2.354,165.7,4.011,73.5,0.0,-9999
636,2006/05/02 04:08,1003,0.0,2.083,150.4,3.995,73.9,0.0,-9999
637,2006/05/02 04:09,1003,0.0,2.125,154.7,3.995,73.9,0.0,-9999
638,2006/05/02 04:10,1003,0.0,2.229,142.5,3.99,73.9,0.0,-9999
639,2006/05/02 04:11,1003,0.0,1.771,160.2,4.001,73.9,0.0,-9999
640,2006/05/02 04:12,1003,0.0,1.896,144.6,4.031,73.8,0.0,-9999
641,2006/05/02 04:13,1003,0.0,1.729,149.8,4.025,73.9,0.0,-9999
642,2006/05/02 04:14,1003,0.0,1.688,150.6,4.022,74.0,0.0,-9999
643,2006/05/02 04:15,1003,0.0,1.563,131.1,4.028,73.8,0.0,-9999
644,2006/05/02 04:16,1003,0.0,1.688,145.9,4.022,73.7,0.0,-9999
645,2006/05/02 04:17,1003,0.0,1.854,142.7,4.003,73.6,0.0,-9999
646,2006/05/02 04:18,1003,0.0,1.458,142.8,3.992,73.7,0.0,-9999
647,2006/05/02 04:19,1003,0.0,1.417,134.6,3.998,73.6,0.0,-9999
648,2006/05/02 04:20,1003,0.0,1.188,135.3,3.981,73.9,0.0,-9999
649,2006/05/02 04:21,1002,0.0,1.542,145.2,3.984,73.8,0.0,-9999
650,2006/05/02 04:22,1002,0.0,1.104,128.7,3.973,73.9,0.0,-9999
651,2006/05/02 04:23,1002,0.0,0.854,132.7,3.99,74.1,0.0,-9999
652,2006/05/02 04:24,1003,0.0,1.625,138.7,3.962,73.9,0.0,-9999
653,2006/05/02 04:25,1002,0.0,1.396,141.8,3.932,74.2,0.0,-9999
654,2006/05/02 04:26,1002,0.0,1.792,145.9,3.897,74.3,0.0,-9999
655,2006/05/02 04:27,1002,0.0,1.604,140.1,3.872,74.6,0.0,-9999
656,2006/05/02 04:28,1002,0.0,1.604,139.5,3.853,74.6,0.0,-9999
657,2006/05/02 04:29,1002,0.0,1.854,130.6,3.82,74.8,0.0,-9999
658,2006/05/02 04:30,1002,0.0,1.542,144.6,3.809,75.0,0.0,-9999
659,2006/05/02 04:31,1002,0.0,1.438,129.2,3.824,75.1,0.0,-9999
660,2006/05/02 04:32,1002,0.0,1.854,145.8,3.83,74.9,0.0,-9999
661,2006/05/02 04:33,1002,0.0,1.729,149.7,3.799,75.1,0.0,-9999
662,2006/05/02 04:34,1002,0.0,1.729,146.7,3.796,75.1,0.0,-9999
663,2006/05/02 04:35,1002,0.0,2.042,137.8,3.807,75.0,0.0,-9999
664,2006/05/02 04:36,1002,0.0,1.896,139.7,3.809,75.0,0.0,-9999
665,2006/05/02 04:37,1002,0.0,2.042,128.9,3.832,74.9,0.0,-9999
666,2006/05/02 04:38,1002,0.0,1.583,135.7,3.823,75.0,0.0,-9999
667,2006/05/02 04:39,1002,0.0,1.542,152.2,3.842,74.9,0.0,-9999
668,2006/05/02 04:40,1002,0.0,1.542,137.9,3.85,75.0,0.0,-9999
669,2006/05/02 04:41,1002,0.0,1.813,137.9,3.842,75.0,0.0,-9999
670,2006/05/02 04:42,1002,0.0,1.063,144.3,3.834,75.2,0.0,-9999
671,2006/05/02 04:43,1002,0.0,1.958,138.5,3.831,75.2,0.0,-9999
672,2006/05/02 04:44,1002,0.0,2.167,145.6,3.809,75.2,0.0,-9999
673,2006/05/02 04:45,1002,0.0,2.438,147.4,3.782,75.4,0.0,-9999
674,2006/05/02 04:46,1002,0.0,2.708,141.3,3.752,75.7,0.0,-9999
675,2006/05/02 04:47,1002,0.0,1.792,137.0,3.772,75.8,0.0,-9999
676,2006/05/02 04:48,1002,0.0,2.146,153.5,3.807,76.0,0.0,-9999
677,2006/05/02 04:49,1002,0.0,2.667,147.3,3.81,75.9,0.0,-9999
678,2006/05/02 04:50,1002,0.0,2.354,164.2,3.813,76.1,0.0,-9999
679,2006/05/02 04:51,1002,0.0,2.771,144.9,3.835,76.0,0.0,-9999
680,2006/05/02 04:52,1002,0.0,2.208,146.9,3.843,76.0,0.0,-9999
681,2006/05/02 04:53,1002,0.0,3.063,151.8,3.879,75.7,0.0,-9999
682,2006/05/02 04:54,1002,0.0,3.104,145.8,3.884,75.8,0.0,-9999
683,2006/05/02 04:55,1002,0.0,2.792,166.3,3.913,75.8,0.0,-9999
684,2006/05/02 04:56,1002,0.0,3.271,152.2,3.927,75.6,0.0,-9999
685,2006/05/02 04:57,1002,0.0,2.729,147.6,3.967,75.6,0.0,-9999
686,2006/05/02 04:58,1002,0.0,2.333,128.1,4.008,75.4,0.0,-9999
687,2006/05/02 04:59,1002,0.0,2.479,162.8,4.057,75.2,0.0,-9999
688,2006/05/02 05:00,1002,0.0,2.583,148.7,4.066,75.2,0.0,-9999
689,2006/05/02 05:01,1002,0.0,3.042,155.8,4.077,75.0,0.0,-9999
690,2006/05/02 05:02,1002,0.0,2.958,155.9,4.115,74.8,0.0,-9999
691,2006/05/02 05:03,1002,0.0,3.438,160.3,4.093,74.9,0.0,-9999
692,2006/05/02 05:04,1002,0.0,3.417,135.3,4.101,74.9,0.0,-9999
693,2006/05/02 05:05,1002,0.0,2.375,156.6,4.098,75.2,0.0,-9999
694,2006/05/02 05:06,1002,0.0,3.354,154.0,4.128,75.0,0.0,-9999
695,2006/05/02 05:07,1002,0.0,3.271,155.7,4.133,75.1,0.0,-9999
696,2006/05/02 05:08,1002,0.0,3.458,154.3,4.147,75.1,0.0,-9999
697,2006/05/02 05:09,1002,0.0,2.458,163.1,4.194,75.1,0.0,-9999
698,2006/05/02 05:10,1002,0.0,2.938,149.7,4.229,74.9,0.0,-9999
699,2006/05/02 05:11,1002,0.0,3.146,156.6,4.246,74.9,0.0,-9999
700,2006/05/02 05:12,1002,0.0,3.354,150.5,4.275,74.9,0.0,-9999
701,2006/05/02 05:13,1002,0.0,2.75,156.1,4.308,75.0,0.0,-9999
702,2006/05/02 05:14,1002,0.0,3.375,165.6,4.341,74.9,0.0,-9999
703,2006/05/02 05:15,1002,0.0,2.333,158.0,4.398,74.8,0.0,-9999
704,2006/05/02 05:16,1002,0.0,2.979,162.6,4.403,74.8,0.0,-9999
705,2006/05/02 05:17,1002,0.0,3.208,146.7,4.444,74.8,0.0,-9999
706,2006/05/02 05:18,1002,0.0,2.021,152.5,4.476,74.8,0.0,-9999
707,2006/05/02 05:19,1002,0.0,3.125,166.0,4.537,74.8,0.0,-9999
708,2006/05/02 05:20,1002,0.0,3.333,155.7,4.586,74.6,0.0,-9999
709,2006/05/02 05:21,1002,0.0,1.771,170.6,4.64,74.5,0.0,-9999
710,2006/05/02 05:22,1002,0.0,2.708,156.4,4.667,74.4,0.0,-9999
711,2006/05/02 05:23,1002,0.0,2.792,166.1,4.711,74.4,0.0014798,-9999
712,2006/05/02 05:24,1002,0.0,2.479,167.6,4.755,74.2,0.0014798,-9999
713,2006/05/02 05:25,1002,0.0,2.833,153.6,4.749,74.5,0.0014798,-9999
714,2006/05/02 05:26,1002,0.0,2.563,157.8,4.782,74.5,0.0014798,-9999
715,2006/05/02 05:27,1002,0.0,3.042,154.5,4.778,74.6,0.0014798,-9999
716,2006/05/02 05:28,1002,0.0,3.792,144.7,4.791,74.6,0.0014798,-9999
717,2006/05/02 05:29,1002,0.0,2.979,154.3,4.819,74.6,0.0014798,-9999
718,2006/05/02 05:30,1002,0.0,4.5,160.6,4.837,74.4,0.0029596,-9999
719,2006/05/02 05:31,1002,0.0,4.5,170.4,4.857,74.6,0.0029596,-9999
720,2006/05/02 05:32,1002,0.0,4.75,149.9,4.867,74.6,0.0029596,-9999
721,2006/05/02 05:33,1002,0.0,4.646,184.4,4.911,74.9,0.0029596,-9999
722,2006/05/02 05:34,1002,0.0,6.042,174.0,5.001,75.0,0.0044394,-9999
723,2006/05/02 05:35,1002,0.0,6.688,170.1,5.107,74.9,0.0029596,-9999
724,2006/05/02 05:36,1002,0.0,6.271,169.9,5.206,75.1,0.0044394,-9999
725,2006/05/02 05:37,1002,0.0,5.854,182.9,5.373,74.9,0.0044394,-9999
726,2006/05/02 05:38,1002,0.0,6.563,179.1,5.49,74.6,0.0044394,-9999
727,2006/05/02 05:39,1002,0.0,7.5,175.3,5.676,74.1,0.0044394,-9999
728,2006/05/02 05:40,1002,0.0,8.33,174.4,5.81,74.0,0.0044394,-9999
729,2006/05/02 05:41,1002,0.0,7.54,171.4,5.9,73.6,0.0044394,-9999
730,2006/05/02 05:42,1002,0.0,9.0,186.1,5.974,73.1,0.0044394,-9999
731,2006/05/02 05:43,1002,0.0,8.83,189.3,6.026,73.1,0.0044394,-9999
732,2006/05/02 05:44,1002,0.0,7.71,167.9,6.021,73.3,0.0044394,-9999
733,2006/05/02 05:45,1002,0.0,8.08,185.9,6.038,73.1,0.0044394,-9999
734,2006/05/02 05:46,1002,0.0,6.625,181.3,6.057,73.3,0.0044394,-9999
735,2006/05/02 05:47,1002,0.0,7.02,178.4,6.043,73.4,0.0044394,-9999
736,2006/05/02 05:48,1002,0.0,6.0,163.3,6.051,73.5,0.0044394,-9999
737,2006/05/02 05:49,1002,0.0,7.69,185.8,6.007,73.5,0.0044394,-9999
738,2006/05/02 05:50,1002,0.0,6.583,172.1,5.999,73.8,0.0044394,-9999
739,2006/05/02 05:51,1002,0.0,5.208,186.7,6.001,73.9,0.0044394,-9999
740,2006/05/02 05:52,1002,0.0,6.292,200.6,6.01,73.6,0.0044394,-9999
741,2006/05/02 05:53,1002,0.0,6.875,188.1,6.009,73.7,0.0044394,-9999
742,2006/05/02 05:54,1002,0.0,6.354,170.3,5.993,74.1,0.0044394,-9999
743,2006/05/02 05:55,1002,0.0,7.46,168.9,6.018,73.8,0.0044394,-9999
744,2006/05/02 05:56,1002,0.0,5.583,177.9,6.072,73.9,0.0044394,-9999
745,2006/05/02 05:57,1002,0.0,6.188,175.8,6.034,74.2,0.0044394,-9999
746,2006/05/02 05:58,1002,0.0,6.479,178.5,6.083,74.1,0.0044394,-9999
747,2006/05/02 05:59,1002,0.0,6.667,208.5,6.138,73.5,0.0044394,-9999
748,2006/05/02 06:00,1002,0.0,6.417,175.1,6.17,73.5,0.0044394,-9999
749,2006/05/02 06:01,1002,0.0,4.25,177.5,6.157,74.0,0.0044394,-9999
750,2006/05/02 06:02,1002,0.0,6.063,166.7,6.165,73.6,0.0044394,-9999
751,2006/05/02 06:03,1002,0.0,4.938,183.0,6.198,73.7,0.0044394,-9999
752,2006/05/02 06:04,1002,0.0,5.75,181.7,6.26,73.3,0.0044394,-9999
753,2006/05/02 06:05,1002,0.0,5.396,175.3,6.293,73.3,0.0044394,-9999
754,2006/05/02 06:06,1002,0.0,4.25,183.3,6.285,73.5,0.0044394,-9999
755,2006/05/02 06:07,1002,0.0,5.729,181.2,6.307,73.3,0.0044394,-9999
756,2006/05/02 06:08,1002,0.0,4.729,169.3,6.296,73.6,0.0044394,-9999
757,2006/05/02 06:09,1002,0.0,3.0,178.7,6.279,74.0,0.0044394,-9999
758,2006/05/02 06:10,1002,0.0,2.063,145.7,6.26,73.9,0.0059192,-9999
759,2006/05/02 06:11,1002,0.0,3.458,155.8,6.203,74.1,0.0059192,-9999
760,2006/05/02 06:12,1002,0.0,3.021,193.8,6.216,74.1,0.0059192,-9999
761,2006/05/02 06:13,1002,0.0,3.854,167.6,6.203,74.1,0.007399,-9999
762,2006/05/02 06:14,1002,0.0,3.813,163.3,6.17,74.4,0.007399,-9999
763,2006/05/02 06:15,1002,0.0,1.958,166.3,6.142,74.6,0.007399,-9999
764,2006/05/02 06:16,1002,0.0,2.229,165.9,6.153,74.5,0.007399,-9999
765,2006/05/02 06:17,1002,0.0,2.563,162.3,6.164,74.6,0.0059192,-9999
766,2006/05/02 06:18,1002,0.0,3.354,171.9,6.153,74.5,0.0059192,-9999
767,2006/05/02 06:19,1002,0.0,4.042,178.5,6.126,74.4,0.0044394,-9999
768,2006/05/02 06:20,1002,0.0,2.521,161.4,6.09,74.9,0.0044394,-9999
769,2006/05/02 06:21,1002,0.0,2.813,164.7,6.118,74.7,0.0044394,-9999
770,2006/05/02 06:22,1002,0.0,3.792,186.6,6.14,74.4,0.0044394,-9999
771,2006/05/02 06:23,1002,0.0,3.25,158.5,6.156,74.4,0.0044394,-9999
772,2006/05/02 06:24,1002,0.0,2.729,175.1,6.148,74.6,0.0044394,-9999
773,2006/05/02 06:25,1002,0.0,2.813,188.8,6.159,74.6,0.0044394,-9999
774,2006/05/02 06:26,1002,0.0,2.458,165.8,6.151,74.9,0.0044394,-9999
775,2006/05/02 06:27,1002,0.0,3.083,181.8,6.156,74.8,0.0044394,-9999
776,2006/05/02 06:28,1002,0.0,2.938,194.8,6.161,74.7,0.0044394,-9999
777,2006/05/02 06:29,1002,0.0,3.271,209.6,6.161,74.6,0.0044394,-9999
778,2006/05/02 06:30,1002,0.0,2.625,196.2,6.148,74.7,0.0059192,-9999
779,2006/05/02 06:31,1002,0.0,2.167,183.4,6.148,74.8,0.0059192,-9999
780,2006/05/02 06:32,1002,0.0,1.833,178.3,6.167,74.8,0.0059192,-9999
781,2006/05/02 06:33,1002,0.0,1.125,157.9,6.186,75.1,0.0059192,-9999
782,2006/05/02 06:34,1002,0.0,1.125,174.9,6.224,75.0,0.007399,-9999
783,2006/05/02 06:35,1002,0.0,0.833,177.1,6.227,75.1,0.007399,-9999
784,2006/05/02 06:36,1002,0.0,1.833,172.6,6.222,75.0,0.007399,-9999
785,2006/05/02 06:37,1002,0.0,1.563,155.8,6.192,74.8,0.007399,-9999
786,2006/05/02 06:38,1002,0.0,1.125,164.0,6.172,74.8,0.007399,-9999
787,2006/05/02 06:39,1002,0.0,1.458,165.9,6.17,74.9,0.0059192,-9999
788,2006/05/02 06:40,1002,0.0,2.167,183.1,6.145,75.0,0.0059192,-9999
789,2006/05/02 06:41,1002,0.0,1.667,176.9,6.148,75.2,0.0059192,-9999
790,2006/05/02 06:42,1002,0.0,1.354,161.3,6.172,75.3,0.0059192,-9999
791,2006/05/02 06:43,1002,0.0,1.271,167.6,6.194,75.1,0.0059192,-9999
792,2006/05/02 06:44,1002,0.0,1.417,194.9,6.172,75.1,0.0059192,-9999
793,2006/05/02 06:45,1002,0.0,0.958,174.8,6.148,75.4,0.0059192,-9999
794,2006/05/02 06:46,1002,0.0,0.708,168.1,6.159,75.4,0.0059192,-9999
795,2006/05/02 06:47,1002,0.0,0.313,162.7,6.161,75.5,0.0059192,-9999
796,2006/05/02 06:48,1002,0.0,0.271,160.3,6.194,75.4,0.0059192,-9999
797,2006/05/02 06:49,1002,0.0,0.5,168.8,6.202,75.4,0.0059192,-9999
798,2006/05/02 06:50,1002,0.0,0.438,157.6,6.23,75.6,0.007399,-9999
799,2006/05/02 06:51,1002,0.0,0.229,202.4,6.252,75.9,0.007399,-9999
800,2006/05/02 06:52,1002,0.0,0.229,205.4,6.287,76.1,0.0088788,-9999
801,2006/05/02 06:53,1002,0.0,0.542,225.2,6.301,75.8,0.0088788,-9999
802,2006/05/02 06:54,1002,0.0,0.146,240.5,6.279,75.6,0.0088788,-9999
803,2006/05/02 06:55,1002,0.0,0.292,243.8,6.257,76.1,0.0088788,-9999
804,2006/05/02 06:56,1002,0.0,0.604,258.2,6.235,76.1,0.0088788,-9999
805,2006/05/02 06:57,1002,0.0,0.896,258.0,6.211,76.2,0.0103586,-9999
806,2006/05/02 06:58,1002,0.0,0.979,255.5,6.164,76.2,0.0103586,-9999
807,2006/05/02 06:59,1002,0.0,0.604,257.2,6.142,76.6,0.0118384,-9999
808,2006/05/02 07:00,1002,0.0,0.333,283.4,6.148,77.0,0.0118384,-9999
809,2006/05/02 07:01,1002,0.0,0.396,257.3,6.156,77.1,0.0133182,-9999
810,2006/05/02 07:02,1002,0.0,0.542,263.0,6.156,77.0,0.0133182,-9999
811,2006/05/02 07:03,1002,0.0,0.417,281.3,6.15,76.9,0.014798,-9999
812,2006/05/02 07:04,1002,0.0,0.333,306.6,6.148,77.0,0.0162778,-9999
813,2006/05/02 07:05,1002,0.0,0.229,299.7,6.161,77.0,0.0192374,-9999
814,2006/05/02 07:06,1002,0.0,0.375,274.3,6.15,77.1,0.0207172,-9999
815,2006/05/02 07:07,1002,0.0,0.208,261.1,6.167,77.3,0.022197,-9999
816,2006/05/02 07:08,1002,0.0,0.0,0.0,6.205,77.6,0.0236768,-9999
817,2006/05/02 07:09,1002,0.0,0.0,0.0,6.219,77.7,0.0251566,-9999
818,2006/05/02 07:10,1002,0.0,0.104,23.83,6.23,77.7,0.0266364,-9999
819,2006/05/02 07:11,1002,0.0,0.5,315.3,6.224,77.4,0.029596,-9999
820,2006/05/02 07:12,1002,0.0,0.708,313.2,6.224,77.0,0.0310758,-9999
821,2006/05/02 07:13,1002,0.0,0.479,254.9,6.235,77.0,0.0325556,-9999
822,2006/05/02 07:14,1002,0.0,0.521,202.4,6.293,77.4,0.0325556,-9999
823,2006/05/02 07:15,1002,0.0,0.521,160.6,6.345,76.9,0.0340354,-9999
824,2006/05/02 07:16,1002,0.0,0.271,140.8,6.361,77.3,0.0355152,-9999
825,2006/05/02 07:17,1002,0.0,0.938,152.3,6.364,77.1,0.0355152,-9999
826,2006/05/02 07:18,1002,0.0,0.667,167.5,6.383,76.8,0.0355152,-9999
827,2006/05/02 07:19,1002,0.0,1.042,175.6,6.372,76.5,0.0355152,-9999
828,2006/05/02 07:20,1002,0.0,0.604,173.6,6.435,77.1,0.0355152,-9999
829,2006/05/02 07:21,1002,0.0,1.896,164.7,6.446,76.6,0.0355152,-9999
830,2006/05/02 07:22,1002,0.0,2.5,154.2,6.462,76.2,0.036995,-9999
831,2006/05/02 07:23,1002,0.0,1.771,154.7,6.572,76.0,0.036995,-9999
832,2006/05/02 07:24,1002,0.0,1.5,159.9,6.662,75.9,0.036995,-9999
833,2006/05/02 07:25,1002,0.0,1.646,141.9,6.755,75.5,0.036995,-9999
834,2006/05/02 07:26,1002,0.0,2.771,145.4,6.82,75.0,0.036995,-9999
835,2006/05/02 07:27,1002,0.0,1.917,139.9,6.87,74.6,0.036995,-9999
836,2006/05/02 07:28,1002,0.0,0.896,132.0,6.946,74.8,0.036995,-9999
837,2006/05/02 07:29,1002,0.0,1.375,158.2,6.984,74.6,0.036995,-9999
838,2006/05/02 07:30,1002,0.0,1.917,138.9,6.982,74.0,0.0384748,-9999
839,2006/05/02 07:31,1002,0.0,2.354,154.4,6.984,73.8,0.0384748,-9999
840,2006/05/02 07:32,1002,0.0,1.958,133.8,7.02,73.6,0.0384748,-9999
841,2006/05/02 07:33,1002,0.0,2.354,149.1,7.05,73.5,0.0384748,-9999
842,2006/05/02 07:34,1002,0.0,1.479,122.3,7.08,73.5,0.0384748,-9999
843,2006/05/02 07:35,1002,0.0,2.417,151.6,7.11,72.9,0.0384748,-9999
844,2006/05/02 07:36,1002,0.0,2.271,135.7,7.13,72.8,0.0384748,-9999
845,2006/05/02 07:37,1002,0.0,2.479,159.7,7.12,72.6,0.0399546,-9999
846,2006/05/02 07:38,1002,0.0,2.333,147.6,7.15,72.5,0.0399546,-9999
847,2006/05/02 07:39,1002,0.0,2.313,128.3,7.16,72.5,0.0414344,-9999
848,2006/05/02 07:40,1002,0.0,3.458,153.5,7.19,72.0,0.0414344,-9999
849,2006/05/02 07:41,1002,0.0,2.792,161.1,7.17,72.3,0.0429142,-9999
850,2006/05/02 07:42,1002,0.0,2.896,146.9,7.2,72.3,0.0429142,-9999
851,2006/05/02 07:43,1002,0.0,2.813,146.5,7.19,72.1,0.0429142,-9999
852,2006/05/02 07:44,1001,0.0,3.229,149.5,7.19,72.0,0.044394,-9999
853,2006/05/02 07:45,1001,0.0,2.333,165.6,7.19,72.4,0.044394,-9999
854,2006/05/02 07:46,1001,0.0,3.125,135.8,7.2,71.8,0.044394,-9999
855,2006/05/02 07:47,1001,0.0,4.313,158.1,7.25,71.6,0.0458738,-9999
856,2006/05/02 07:48,1001,0.0,2.5,163.6,7.27,71.9,0.0473536,-9999
857,2006/05/02 07:49,1001,0.0,3.146,145.8,7.27,71.1,0.0473536,-9999
858,2006/05/02 07:50,1001,0.0,3.208,133.2,7.32,70.9,0.0488334,-9999
859,2006/05/02 07:51,1001,0.0,3.583,131.7,7.3,70.9,0.0503132,-9999
860,2006/05/02 07:52,1001,0.0,3.396,160.3,7.32,70.9,0.0503132,-9999
861,2006/05/02 07:53,1001,0.0,2.771,164.9,7.34,70.8,0.051793,-9999
862,2006/05/02 07:54,1001,0.0,3.25,143.0,7.34,71.1,0.0503132,-9999
863,2006/05/02 07:55,1001,0.0,2.396,139.6,7.34,71.1,0.0503132,-9999
864,2006/05/02 07:56,1001,0.0,1.708,117.2,7.4,70.9,0.0503132,-9999
865,2006/05/02 07:57,1001,0.0,2.917,147.8,7.41,70.2,0.0503132,-9999
866,2006/05/02 07:58,1001,0.0,3.458,138.5,7.39,70.2,0.0503132,-9999
867,2006/05/02 07:59,1001,0.0,2.729,142.4,7.4,70.1,0.051793,-9999
868,2006/05/02 08:00,1001,0.0,3.917,146.8,7.4,70.0,0.051793,-9999
869,2006/05/02 08:01,1001,0.0,3.208,128.2,7.4,70.2,0.051793,-9999
870,2006/05/02 08:02,1001,0.0,3.063,126.5,7.41,70.3,0.051793,-9999
871,2006/05/02 08:03,1001,0.0,3.146,148.1,7.41,70.4,0.051793,-9999
872,2006/05/02 08:04,1001,0.0,3.458,136.6,7.41,70.2,0.0532728,-9999
873,2006/05/02 08:05,1001,0.0,2.75,147.4,7.42,69.91,0.0532728,-9999
874,2006/05/02 08:06,1001,0.0,2.688,116.1,7.47,69.98,0.0547526,-9999
875,2006/05/02 08:07,1001,0.0,2.333,146.5,7.47,70.1,0.0547526,-9999
876,2006/05/02 08:08,1001,0.0,3.083,139.8,7.48,69.91,0.0547526,-9999
877,2006/05/02 08:09,1001,0.0,2.979,132.9,7.48,69.85,0.0562324,-9999
878,2006/05/02 08:10,1001,0.0,3.625,147.2,7.48,69.26,0.0562324,-9999
879,2006/05/02 08:11,1001,0.0,3.042,148.9,7.52,69.32,0.0577122,-9999
880,2006/05/02 08:12,1001,0.0,3.354,140.9,7.54,69.32,0.0577122,-9999
881,2006/05/02 08:13,1001,0.0,2.604,141.3,7.56,69.46,0.0577122,-9999
882,2006/05/02 08:14,1001,0.0,2.521,148.2,7.59,69.82,0.0577122,-9999
883,2006/05/02 08:15,1001,0.0,3.75,147.7,7.61,69.19,0.0577122,-9999
884,2006/05/02 08:16,1001,0.0,3.104,147.0,7.58,69.26,0.0577122,-9999
885,2006/05/02 08:17,1001,0.0,1.563,135.3,7.62,69.52,0.0577122,-9999
886,2006/05/02 08:18,1001,0.0,2.021,152.7,7.69,69.39,0.0577122,-9999
887,2006/05/02 08:19,1001,0.0,3.229,155.5,7.7,68.96,0.0577122,-9999
888,2006/05/02 08:20,1001,0.0,2.688,164.3,7.73,68.5,0.059192,-9999
889,2006/05/02 08:21,1001,0.0,2.521,164.4,7.75,68.67,0.0606718,-9999
890,2006/05/02 08:22,1001,0.0,2.125,146.3,7.8,68.64,0.0606718,-9999
891,2006/05/02 08:23,1001,0.0,2.979,152.1,7.81,68.34,0.0621516,-9999
892,2006/05/02 08:24,1001,0.0,2.083,144.4,7.84,68.27,0.0636314,-9999
893,2006/05/02 08:25,1001,0.0,3.375,140.2,7.84,67.52,0.0651112,-9999
894,2006/05/02 08:26,1001,0.0,3.396,143.5,7.82,67.32,0.066591,-9999
895,2006/05/02 08:27,1001,0.0,4.396,154.5,7.79,66.31,0.0680708,-9999
896,2006/05/02 08:28,1001,0.0,3.417,123.8,7.79,66.83,0.0680708,-9999
897,2006/05/02 08:29,1001,0.0,3.792,158.4,7.81,66.7,0.0680708,-9999
898,2006/05/02 08:30,1001,0.0,3.25,167.5,7.82,66.63,0.066591,-9999
899,2006/05/02 08:31,1001,0.0,3.438,143.4,7.84,66.7,0.0636314,-9999
900,2006/05/02 08:32,1001,0.0,2.438,107.4,7.87,66.8,0.0621516,-9999
901,2006/05/02 08:33,1001,0.0,2.125,137.8,7.91,66.83,0.0606718,-9999
902,2006/05/02 08:34,1001,0.0,3.292,146.2,7.94,66.44,0.0606718,-9999
903,2006/05/02 08:35,1001,0.0,4.0,168.6,7.89,66.24,0.059192,-9999
904,2006/05/02 08:36,1001,0.0,4.333,143.4,7.86,65.98,0.059192,-9999
905,2006/05/02 08:37,1001,0.0,3.813,156.3,7.85,66.44,0.0577122,-9999
906,2006/05/02 08:38,1001,0.0,2.229,143.6,7.88,66.77,0.0562324,-9999
907,2006/05/02 08:39,1001,0.0,4.146,142.5,7.9,66.31,0.0547526,-9999
908,2006/05/02 08:40,1001,0.0,2.417,135.4,7.89,66.5,0.0532728,-9999
909,2006/05/02 08:41,1001,0.0,2.688,160.3,7.91,66.77,0.0532728,-9999
910,2006/05/02 08:42,1001,0.0,3.333,140.2,7.95,66.37,0.051793,-9999
911,2006/05/02 08:43,1001,0.0,3.604,148.0,7.92,66.37,0.051793,-9999
912,2006/05/02 08:44,1001,0.0,4.042,156.5,7.9,66.4,0.051793,-9999
913,2006/05/02 08:45,1001,0.0,3.667,146.6,7.89,66.37,0.051793,-9999
914,2006/05/02 08:46,1001,0.0,4.042,140.6,7.89,66.5,0.051793,-9999
915,2006/05/02 08:47,1001,0.0,4.583,152.6,7.89,66.37,0.051793,-9999
916,2006/05/02 08:48,1001,0.0,3.708,128.5,7.88,66.77,0.051793,-9999
917,2006/05/02 08:49,1001,0.0,4.625,159.6,7.89,66.67,0.051793,-9999
918,2006/05/02 08:50,1001,0.0,2.583,162.9,7.9,67.16,0.051793,-9999
919,2006/05/02 08:51,1001,0.0,2.688,143.2,7.93,67.16,0.051793,-9999
920,2006/05/02 08:52,1001,0.0,4.458,146.9,7.89,66.9,0.051793,-9999
921,2006/05/02 08:53,1001,0.0,3.563,163.7,7.89,67.26,0.0532728,-9999
922,2006/05/02 08:54,1001,0.0,3.188,147.0,7.9,67.09,0.0532728,-9999
923,2006/05/02 08:55,1001,0.0,3.229,128.1,7.91,67.49,0.0532728,-9999
924,2006/05/02 08:56,1001,0.0,3.021,132.7,7.94,67.49,0.0532728,-9999
925,2006/05/02 08:57,1001,0.0,3.188,148.3,7.96,67.29,0.0532728,-9999
926,2006/05/02 08:58,1001,0.0,3.729,167.9,7.93,67.55,0.051793,-9999
927,2006/05/02 08:59,1001,0.0,3.354,159.1,7.9,67.62,0.051793,-9999
928,2006/05/02 09:00,1001,0.0,4.396,155.2,7.89,67.62,0.0488334,-9999
929,2006/05/02 09:01,1001,0.0,3.813,169.6,7.91,67.75,0.0473536,-9999
930,2006/05/02 09:02,1001,0.0,3.458,148.3,7.9,67.88,0.0473536,-9999
931,2006/05/02 09:03,1001,0.0,3.771,126.4,7.9,67.88,0.0458738,-9999
932,2006/05/02 09:04,1001,0.0,2.854,148.9,7.95,68.01,0.044394,-9999
933,2006/05/02 09:05,1001,0.0,4.167,151.8,7.92,67.75,0.0429142,-9999
934,2006/05/02 09:06,1001,0.0,4.375,141.7,7.89,68.08,0.0414344,-9999
935,2006/05/02 09:07,1001,0.0,4.75,158.7,7.9,68.11,0.0414344,-9999
936,2006/05/02 09:08,1001,0.0,3.979,163.7,7.89,68.54,0.0414344,-9999
937,2006/05/02 09:09,1001,0.0,3.292,191.2,7.9,68.67,0.0414344,-9999
938,2006/05/02 09:10,1001,0.0,2.708,162.6,7.9,68.41,0.0429142,-9999
939,2006/05/02 09:11,1001,0.0,2.458,153.7,7.96,68.54,0.0429142,-9999
940,2006/05/02 09:12,1001,0.0,3.354,187.6,7.97,68.67,0.0429142,-9999
941,2006/05/02 09:13,1001,0.0,4.458,171.3,7.95,68.54,0.0429142,-9999
942,2006/05/02 09:14,1001,0.0,2.729,189.3,7.95,68.8,0.0429142,-9999
943,2006/05/02 09:15,1001,0.0,2.396,185.9,7.99,69.13,0.0429142,-9999
944,2006/05/02 09:16,1001,0.0,3.354,157.9,7.99,68.27,0.0414344,-9999
945,2006/05/02 09:17,1001,0.0,3.25,189.5,7.96,68.47,0.0414344,-9999
946,2006/05/02 09:18,1001,0.0,2.688,184.5,8.02,68.47,0.0399546,-9999
947,2006/05/02 09:19,1001,0.0,2.688,129.9,8.03,68.47,0.0384748,-9999
948,2006/05/02 09:20,1001,0.0,2.229,130.3,8.04,68.41,0.0384748,-9999
949,2006/05/02 09:21,1001,0.0,2.604,146.0,8.08,68.34,0.036995,-9999
950,2006/05/02 09:22,1001,0.0,2.813,145.7,8.11,67.88,0.0355152,-9999
951,2006/05/02 09:23,1001,0.0,2.042,156.8,8.07,68.14,0.0355152,-9999
952,2006/05/02 09:24,1001,0.0,2.813,134.0,8.12,67.55,0.0355152,-9999
953,2006/05/02 09:25,1001,0.0,3.521,154.3,8.03,67.42,0.036995,-9999
954,2006/05/02 09:26,1001,0.0,3.25,145.4,8.03,67.95,0.036995,-9999
955,2006/05/02 09:27,1001,0.0,3.021,139.9,7.97,68.01,0.036995,-9999
956,2006/05/02 09:28,1001,0.0,2.146,148.1,7.97,68.64,0.036995,-9999
957,2006/05/02 09:29,1001,0.0,2.104,145.7,8.02,68.86,0.036995,-9999
958,2006/05/02 09:30,1001,0.0,2.125,141.9,8.05,68.67,0.0355152,-9999
959,2006/05/02 09:31,1001,0.0,3.583,134.8,7.98,68.47,0.0355152,-9999
960,2006/05/02 09:32,1001,0.0,3.104,136.7,7.91,68.86,0.0355152,-9999
961,2006/05/02 09:33,1001,0.0,2.833,130.7,7.89,69.16,0.0340354,-9999
962,2006/05/02 09:34,1001,0.0,2.563,153.2,7.9,69.32,0.0340354,-9999
963,2006/05/02 09:35,1001,0.0,2.729,131.9,7.89,69.45,0.0325556,-9999
964,2006/05/02 09:36,1001,0.0,2.021,134.0,7.92,69.32,0.0310758,-9999
965,2006/05/02 09:37,1001,0.0,3.458,130.2,7.89,69.65,0.0310758,-9999
966,2006/05/02 09:38,1001,0.0,2.688,141.3,7.83,69.78,0.0310758,-9999
967,2006/05/02 09:39,1001,0.0,2.521,171.3,7.78,70.1,0.0310758,-9999
968,2006/05/02 09:40,1001,0.0,2.542,129.5,7.8,70.2,0.0310758,-9999
969,2006/05/02 09:41,1001,0.0,2.625,143.5,7.75,70.4,0.0310758,-9999
970,2006/05/02 09:42,1001,0.0,2.292,140.3,7.74,70.7,0.0310758,-9999
971,2006/05/02 09:43,1001,0.0,2.458,136.6,7.77,70.4,0.0310758,-9999
972,2006/05/02 09:44,1001,0.0,2.479,137.2,7.71,70.4,0.0310758,-9999
973,2006/05/02 09:45,1001,0.0,2.333,132.5,7.7,70.7,0.0325556,-9999
974,2006/05/02 09:46,1001,0.0,2.167,151.5,7.71,70.6,0.0310758,-9999
975,2006/05/02 09:47,1001,0.0,3.229,133.4,7.67,70.6,0.0310758,-9999
976,2006/05/02 09:48,1001,0.0,2.563,123.8,7.66,70.6,0.0310758,-9999
977,2006/05/02 09:49,1001,0.0,2.438,114.1,7.66,70.6,0.0310758,-9999
978,2006/05/02 09:50,1001,0.0,1.813,127.2,7.67,70.4,0.0310758,-9999
979,2006/05/02 09:51,1001,0.0,2.563,132.3,7.68,70.2,0.0325556,-9999
980,2006/05/02 09:52,1001,0.0,3.021,130.4,7.7,70.2,0.0325556,-9999
981,2006/05/02 09:53,1001,0.0,2.417,146.5,7.69,70.4,0.0325556,-9999
982,2006/05/02 09:54,1001,0.0,1.438,145.8,7.74,70.1,0.0340354,-9999
983,2006/05/02 09:55,1001,0.0,2.208,139.5,7.78,69.91,0.0340354,-9999
984,2006/05/02 09:56,1001,0.0,2.833,154.5,7.75,69.78,0.0340354,-9999
985,2006/05/02 09:57,1001,0.0,2.875,164.5,7.68,69.75,0.0340354,-9999
986,2006/05/02 09:58,1001,0.0,2.563,132.9,7.69,69.82,0.0340354,-9999
987,2006/05/02 09:59,1001,0.0,3.167,141.7,7.69,69.65,0.0340354,-9999
988,2006/05/02 10:00,1001,0.0,3.917,129.8,7.64,70.1,0.0340354,-9999
989,2006/05/02 10:01,1001,0.0,2.271,139.7,7.68,70.1,0.0325556,-9999
990,2006/05/02 10:02,1001,0.0,2.542,130.8,7.7,70.3,0.0325556,-9999
991,2006/05/02 10:03,1001,0.0,2.542,141.5,7.71,69.68,0.0325556,-9999
992,2006/05/02 10:04,1001,0.0,2.667,136.1,7.69,69.78,0.0325556,-9999
993,2006/05/02 10:05,1001,0.0,2.625,143.7,7.68,69.65,0.0325556,-9999
994,2006/05/02 10:06,1001,0.0,2.479,127.4,7.69,69.81,0.0325556,-9999
995,2006/05/02 10:07,1001,0.0,2.271,126.9,7.72,69.65,0.0325556,-9999
996,2006/05/02 10:08,1001,0.0,2.688,135.8,7.75,69.45,0.0325556,-9999
997,2006/05/02 10:09,1001,0.0,3.313,143.8,7.72,69.45,0.0340354,-9999
998,2006/05/02 10:10,1001,0.0,1.896,128.1,7.72,69.71,0.0355152,-9999
999,2006/05/02 10:11,1001,0.0,2.313,133.9,7.75,69.52,0.0355152,-9999
